깊 19 100 쵠踏曇옘桿팀롸깃硫（25 쵠넥）100 쵠따曇 켕綾,,,,,,,,,,,
score,value,,,,,,,,,,
75,01:09.0,,,,,,,,,,
74,01:10.0,,,,,,,,,,
73,01:11.0,,,,,,,,,,
72,01:12.0,,,,,,,,,,
71,01:13.5,,,,,,,,,,
70,01:15.0,,,,,,,,,,
69,01:16.5,,,,,,,,,,
68,01:18.0,,,,,,,,,,
67,01:19.5,,,,,,,,,,
66,01:20.5,,,,,,,,,,
65,01:22.0,,,,,,,,,,
64,01:24.0,,,,,,,,,,
63,01:26.0,,,,,,,,,,
62,01:28.0,,,,,,,,,,
61,01:30.0,,,,,,,,,,
60,01:32.0,,,,,,,,,,
59,01:34.0,,,,,,,,,,
58,01:38.0,,,,,,,,,,
57,01:40.0,,,,,,,,,,
56,01:42.0,,,,,,,,,,
55,01:44.5,,,,,,,,,,
54,01:47.0,,,,,,,,,,
53,01:49.5,,,,,,,,,,
52,01:52.0,,,,,,,,,,
51,01:55.0,,,,,,,,,,
50,01:58.0,,,,,,,,,,
49,01:01.0,,,,,,,,,,
48,02:04.0,,,,,,,,,,
47,02:07.0,,,,,,,,,,
46,02:10.0,,,,,,,,,,
45,02:13.0,,,,,,,,,,
44,02:16.0,,,,,,,,,,
43,02:19.0,,,,,,,,,,
42,02:21.0,,,,,,,,,,
41,02:24.0,,,,,,,,,,
40,02:27.0,,,,,,,,,,
39,02:30.0,,,,,,,,,,
38,02:33.0,,,,,,,,,,
37,02:36.0,,,,,,,,,,
36,02:39.0,,,,,,,,,,
35,02:42.0,,,,,,,,,,
34,02:45.0,,,,,,,,,,
33,02:48.0,,,,,,,,,,
32,02:51.0,,,,,,,,,,
31,02:55.0,,,,,,,,,,
30,02:58.0,,,,,,,,,,
29,03:01.0,,,,,,,,,,
28,03:04.0,,,,,,,,,,
27,03:07.0,,,,,,,,,,
26,03:10.0,,,,,,,,,,
25,03:13.0,,,,,,,,,,
24,03:17.0,,,,,,,,,,
23,03:21.0,,,,,,,,,,
22,03:25.0,,,,,,,,,,
21,03:29.0,,,,,,,,,,
20,03:33.0,,,,,,,,,,
19,03:37.0,,,,,,,,,,
18,03:41.0,,,,,,,,,,
17,03:45.0,,,,,,,,,,
16,03:49.0,,,,,,,,,,
15,03:53.0,,,,,,,,,,
14,03:57.0,,,,,,,,,,
13,04:01.0,,,,,,,,,,
12,04:05.0,,,,,,,,,,
11,04:09.0,,,,,,,,,,
10,04:13.0,,,,,,,,,,
9,04:17.0,,,,,,,,,,
8,04:21.0,,,,,,,,,,
7,04:25.0,,,,,,,,,,
6,04:29.0,,,,,,,,,,
5,04:33.0,,,,,,,,,,
4,04:37.0,,,,,,,,,,
3,04:41.0,,,,,,,,,,
2,04:45.0,,,,,,,,,,
1,04:48.0,,,,,,,,,,
,,,,,,,,,,,
깊 19 100 쵠踏曇옘桿팀롸깃硫（25 쵠넥）100 쵠따曇 큽綾,,,,,,,,,,,
score,value,,,,,,,,,,
75,01:18.0,,,,,,,,,,
74,01:19.0,,,,,,,,,,
73,01:20.0,,,,,,,,,,
72,01:21.0,,,,,,,,,,
71,01:22.5,,,,,,,,,,
70,01:24.0,,,,,,,,,,
69,01:25.5,,,,,,,,,,
68,01:27.0,,,,,,,,,,
67,01:28.5,,,,,,,,,,
66,01:30.0,,,,,,,,,,
65,01:31.5,,,,,,,,,,
64,01:33.0,,,,,,,,,,
63,01:35.0,,,,,,,,,,
62,01:37.0,,,,,,,,,,
61,01:39.0,,,,,,,,,,
60,01:41.0,,,,,,,,,,
59,01:42.0,,,,,,,,,,
58,01:44.0,,,,,,,,,,
57,01:46.0,,,,,,,,,,
56,01:48.0,,,,,,,,,,
55,01:50.5,,,,,,,,,,
54,01:53.0,,,,,,,,,,
53,01:56.5,,,,,,,,,,
52,01:59.0,,,,,,,,,,
51,02:01.5,,,,,,,,,,
50,02:04.0,,,,,,,,,,
49,02:06.5,,,,,,,,,,
48,02:09.0,,,,,,,,,,
47,02:12.0,,,,,,,,,,
46,02:15.0,,,,,,,,,,
45,02:18.0,,,,,,,,,,
44,02:21.0,,,,,,,,,,
43,02:24.0,,,,,,,,,,
42,02:26.0,,,,,,,,,,
41,02:29.0,,,,,,,,,,
40,02:31.0,,,,,,,,,,
39,02:34.0,,,,,,,,,,
38,02:37.0,,,,,,,,,,
37,02:40.0,,,,,,,,,,
36,02:43.0,,,,,,,,,,
35,02:46.0,,,,,,,,,,
34,02:49.0,,,,,,,,,,
33,02:52.0,,,,,,,,,,
32,02:55.0,,,,,,,,,,
31,02:58.0,,,,,,,,,,
30,03:01.0,,,,,,,,,,
29,03:04.0,,,,,,,,,,
28,03:07.0,,,,,,,,,,
27,03:10.0,,,,,,,,,,
26,03:13.0,,,,,,,,,,
25,03:16.0,,,,,,,,,,
24,03:20.0,,,,,,,,,,
23,03:24.0,,,,,,,,,,
22,03:28.0,,,,,,,,,,
21,03:32.0,,,,,,,,,,
20,03:36.0,,,,,,,,,,
19,03:40.0,,,,,,,,,,
18,03:44.0,,,,,,,,,,
17,03:48.0,,,,,,,,,,
16,03:52.0,,,,,,,,,,
15,03:56.0,,,,,,,,,,
14,04:00.0,,,,,,,,,,
13,04:04.0,,,,,,,,,,
12,04:08.0,,,,,,,,,,
11,04:12.0,,,,,,,,,,
10,04:16.0,,,,,,,,,,
9,04:20.0,,,,,,,,,,
8,04:24.0,,,,,,,,,,
7,04:28.0,,,,,,,,,,
6,04:32.0,,,,,,,,,,
5,04:36.0,,,,,,,,,,
4,04:40.0,,,,,,,,,,
3,04:44.0,,,,,,,,,,
2,04:48.0,,,,,,,,,,
1,04:52.0,,,,,,,,,,
,,,,,,,,,,,
깊 19 100 쵠踏曇옘桿팀롸깃硫（25 쵠넥）100 쵠鵠曇 켕綾,,,,,,깊 19 100 쵠踏曇옘桿팀롸깃硫（25 쵠넥）100 쵠鵠曇 켕綾,,,,100쵠嵐曇,켕綾
score,value,,,,,,,,,,
75,01:13.0,,,,,,,,,,
74,01:14.0,,,,,,,,,,
73,01:15.0,,,,,,,,,,
72,01:16.0,,,,,,,,,,
71,01:17.5,,,,,,,,,,
70,01:19.0,,,,,,,,,,
69,01:20.5,,,,,,,,,,
68,01:22.0,,,,,,,,,,
67,01:23.5,,,,,,,,,,
66,01:25.0,,,,,,,,,,
65,01:26.5,,,,,,,,,,
64,01:28.0,,,,,,,,,,
63,01:30.0,,,,,,,,,,
62,01:32.0,,,,,,,,,,
61,01:34.0,,,,,,,,,,
60,01:36.0,,,,,,,,,,
59,01:38.0,,,,,,,,,,
58,01:40.0,,,,,,,,,,
57,01:42.0,,,,,,,,,,
56,01:44.0,,,,,,,,,,
55,01:46.0,,,,,,,,,,
54,01:48.0,,,,,,,,,,
53,01:50.0,,,,,,,,,,
52,01:52.0,,,,,,,,,,
51,01:54.5,,,,,,,,,,
50,01:57.0,,,,,,,,,,
49,02:00.0,,,,,,,,,,
48,02:03.0,,,,,,,,,,
47,02:06.0,,,,,,,,,,
46,02:09.0,,,,,,,,,,
45,02:12.0,,,,,,,,,,
44,02:15.0,,,,,,,,,,
43,02:18.0,,,,,,,,,,
42,02:21.0,,,,,,,,,,
41,02:24.0,,,,,,,,,,
40,02:27.0,,,,,,,,,,
39,02:30.0,,,,,,,,,,
38,02:33.0,,,,,,,,,,
37,02:36.0,,,,,,,,,,
36,02:39.0,,,,,,,,,,
35,02:42.0,,,,,,,,,,
34,02:45.0,,,,,,,,,,
33,02:48.0,,,,,,,,,,
32,02:51.0,,,,,,,,,,
31,02:54.0,,,,,,,,,,
30,02:57.0,,,,,,,,,,
29,03:00.0,,,,,,,,,,
28,03:03.0,,,,,,,,,,
27,03:06.0,,,,,,,,,,
26,03:09.0,,,,,,,,,,
25,03:12.0,,,,,,,,,,
24,03:16.0,,,,,,,,,,
23,03:20.0,,,,,,,,,,
22,03:24.0,,,,,,,,,,
21,03:28.0,,,,,,,,,,
20,03:32.0,,,,,,,,,,
19,03:36.0,,,,,,,,,,
18,03:40.0,,,,,,,,,,
17,03:44.0,,,,,,,,,,
16,03:48.0,,,,,,,,,,
15,03:52.0,,,,,,,,,,
14,03:56.0,,,,,,,,,,
13,04:00.0,,,,,,,,,,
12,04:04.0,,,,,,,,,,
11,04:08.0,,,,,,,,,,
10,04:12.0,,,,,,,,,,
9,04:16.0,,,,,,,,,,
8,04:20.0,,,,,,,,,,
7,04:24.0,,,,,,,,,,
6,04:28.0,,,,,,,,,,
5,04:32.0,,,,,,,,,,
4,04:36.0,,,,,,,,,,
3,04:40.0,,,,,,,,,,
2,04:44.0,,,,,,,,,,
1,04:48.0,,,,,,,,,,
,,,,,,,,,,,
깊 19 100 쵠踏曇옘桿팀롸깃硫（25 쵠넥）100 쵠鵠曇 큽綾,,,,,,깊 19 100 쵠踏曇옘桿팀롸깃硫（25 쵠넥）100 쵠鵠曇 큽綾,,,,100쵠嵐曇,
score,value,,,,,,,,,,
75,01:20.0,,,,,,,,,,
74,01:21.0,,,,,,,,,,
73,01:22.0,,,,,,,,,,
72,01:23.0,,,,,,,,,,
71,01:24.5,,,,,,,,,,
70,01:26.0,,,,,,,,,,
69,01:27.5,,,,,,,,,,
68,01:29.0,,,,,,,,,,
67,01:30.5,,,,,,,,,,
66,01:32.0,,,,,,,,,,
65,01:33.5,,,,,,,,,,
64,01:35.0,,,,,,,,,,
63,01:37.0,,,,,,,,,,
62,01:39.0,,,,,,,,,,
61,01:41.0,,,,,,,,,,
60,01:43.0,,,,,,,,,,
59,01:45.0,,,,,,,,,,
58,01:47.0,,,,,,,,,,
57,01:49.0,,,,,,,,,,
56,01:51.0,,,,,,,,,,
55,01:53.5,,,,,,,,,,
54,01:56.0,,,,,,,,,,
53,01:58.5,,,,,,,,,,
52,02:01.0,,,,,,,,,,
51,02:03.5,,,,,,,,,,
50,02:06.0,,,,,,,,,,
49,02:09.0,,,,,,,,,,
48,02:12.5,,,,,,,,,,
47,02:15.0,,,,,,,,,,
46,02:18.5,,,,,,,,,,
45,02:21.0,,,,,,,,,,
44,02:24.5,,,,,,,,,,
43,02:27.0,,,,,,,,,,
42,02:30.0,,,,,,,,,,
41,02:33.0,,,,,,,,,,
40,02:36.0,,,,,,,,,,
39,02:39.0,,,,,,,,,,
38,02:42.0,,,,,,,,,,
37,02:45.0,,,,,,,,,,
36,02:48.0,,,,,,,,,,
35,02:51.0,,,,,,,,,,
34,02:54.0,,,,,,,,,,
33,02:57.0,,,,,,,,,,
32,03:00.0,,,,,,,,,,
31,03:03.0,,,,,,,,,,
30,03:06.0,,,,,,,,,,
29,03:09.0,,,,,,,,,,
28,03:12.0,,,,,,,,,,
27,03:15.0,,,,,,,,,,
26,03:18.0,,,,,,,,,,
25,03:21.0,,,,,,,,,,
24,03:23.0,,,,,,,,,,
23,03:26.0,,,,,,,,,,
22,03:30.0,,,,,,,,,,
21,03:34.0,,,,,,,,,,
20,03:38.0,,,,,,,,,,
19,03:42.0,,,,,,,,,,
18,03:46.0,,,,,,,,,,
17,03:50.0,,,,,,,,,,
16,03:54.0,,,,,,,,,,
15,03:58.0,,,,,,,,,,
14,04:02.0,,,,,,,,,,
13,04:06.0,,,,,,,,,,
12,04:10.0,,,,,,,,,,
11,04:14.0,,,,,,,,,,
10,04:18.0,,,,,,,,,,
9,04:22.0,,,,,,,,,,
8,04:26.0,,,,,,,,,,
7,04:30.0,,,,,,,,,,
6,04:34.0,,,,,,,,,,
5,04:38.0,,,,,,,,,,
4,04:42.0,,,,,,,,,,
3,04:46.0,,,,,,,,,,
2,04:50.0,,,,,,,,,,
1,04:54.0,,,,,,,,,,
,,,,,,,,,,,
깊 19 100 쵠踏曇옘桿팀롸깃硫（25 쵠넥）100 쵠菱譚曇 켕綾,,,,,,깊 19 100 쵠踏曇옘桿팀롸깃硫（25 쵠넥）100 쵠菱譚曇 켕綾,,,,100쵠鵠曇,켕綾
score,value,,,,,,,,,,
75,01:18.0,,,,,,,,,,
74,01:19.0,,,,,,,,,,
73,01:20.0,,,,,,,,,,
72,01:21.0,,,,,,,,,,
71,01:22.5,,,,,,,,,,
70,01:24.0,,,,,,,,,,
69,01:25.5,,,,,,,,,,
68,01:27.0,,,,,,,,,,
67,01:28.5,,,,,,,,,,
66,01:30.0,,,,,,,,,,
65,01:31.5,,,,,,,,,,
64,01:33.0,,,,,,,,,,
63,01:35.0,,,,,,,,,,
62,01:37.0,,,,,,,,,,
61,01:39.0,,,,,,,,,,
60,01:41.0,,,,,,,,,,
59,01:43.0,,,,,,,,,,
58,01:45.0,,,,,,,,,,
57,01:47.0,,,,,,,,,,
56,01:49.0,,,,,,,,,,
55,01:51.5,,,,,,,,,,
54,01:54.0,,,,,,,,,,
53,01:56.5,,,,,,,,,,
52,01:59.0,,,,,,,,,,
51,02:01.5,,,,,,,,,,
50,02:04.0,,,,,,,,,,
49,02:07.0,,,,,,,,,,
48,02:10.0,,,,,,,,,,
47,02:13.0,,,,,,,,,,
46,02:16.0,,,,,,,,,,
45,02:19.0,,,,,,,,,,
44,02:21.0,,,,,,,,,,
43,02:24.0,,,,,,,,,,
42,02:27.0,,,,,,,,,,
41,02:30.0,,,,,,,,,,
40,02:33.0,,,,,,,,,,
39,02:36.0,,,,,,,,,,
38,02:39.0,,,,,,,,,,
37,02:42.0,,,,,,,,,,
36,02:45.0,,,,,,,,,,
35,02:48.0,,,,,,,,,,
34,02:51.0,,,,,,,,,,
33,02:54.0,,,,,,,,,,
32,02:57.0,,,,,,,,,,
31,03:03.0,,,,,,,,,,
30,03:06.0,,,,,,,,,,
29,03:09.0,,,,,,,,,,
28,03:12.0,,,,,,,,,,
27,03:15.0,,,,,,,,,,
26,03:19.0,,,,,,,,,,
25,03:23.0,,,,,,,,,,
24,03:27.0,,,,,,,,,,
23,03:31.0,,,,,,,,,,
22,03:35.0,,,,,,,,,,
21,03:39.0,,,,,,,,,,
20,03:43.0,,,,,,,,,,
19,03:47.0,,,,,,,,,,
18,03:51.0,,,,,,,,,,
17,03:55.0,,,,,,,,,,
16,03:59.0,,,,,,,,,,
15,04:03.0,,,,,,,,,,
14,04:07.0,,,,,,,,,,
13,04:11.0,,,,,,,,,,
12,04:15.0,,,,,,,,,,
11,04:19.0,,,,,,,,,,
10,04:23.0,,,,,,,,,,
9,04:27.0,,,,,,,,,,
8,04:31.0,,,,,,,,,,
7,04:35.0,,,,,,,,,,
6,04:39.0,,,,,,,,,,
5,04:42.0,,,,,,,,,,
4,04:45.0,,,,,,,,,,
3,04:49.0,,,,,,,,,,
2,04:52.0,,,,,,,,,,
1,04:56.0,,,,,,,,,,
,,,,,,,,,,,
깊 19 100 쵠踏曇옘桿팀롸깃硫（25 쵠넥）100 쵠菱譚曇 큽綾,,,,,,깊 19 100 쵠踏曇옘桿팀롸깃硫（25 쵠넥）100 쵠菱譚曇 큽綾,,,,100쵠鵠曇,큽綾
score,value,,,,,,,,,,
75,01:27.0,,,,,,,,,,
74,01:28.0,,,,,,,,,,
73,01:29.0,,,,,,,,,,
72,01:30.0,,,,,,,,,,
71,01:31.5,,,,,,,,,,
70,01:33.0,,,,,,,,,,
69,01:34.5,,,,,,,,,,
68,01:36.0,,,,,,,,,,
67,01:37.5,,,,,,,,,,
66,01:39.0,,,,,,,,,,
65,01:40.5,,,,,,,,,,
64,01:42.0,,,,,,,,,,
63,01:44.0,,,,,,,,,,
62,01:46.0,,,,,,,,,,
61,01:48.0,,,,,,,,,,
60,01:50.0,,,,,,,,,,
59,01:52.0,,,,,,,,,,
58,01:54.0,,,,,,,,,,
57,01:56.0,,,,,,,,,,
56,01:58.0,,,,,,,,,,
55,02:00.5,,,,,,,,,,
54,02:03.0,,,,,,,,,,
53,02:05.5,,,,,,,,,,
52,02:08.0,,,,,,,,,,
51,02:10.5,,,,,,,,,,
50,02:13.0,,,,,,,,,,
49,02:16.0,,,,,,,,,,
48,02:19.0,,,,,,,,,,
47,02:22.0,,,,,,,,,,
46,02:25.0,,,,,,,,,,
45,02:28.0,,,,,,,,,,
44,02:31.0,,,,,,,,,,
43,02:34.0,,,,,,,,,,
42,02:37.0,,,,,,,,,,
41,02:40.0,,,,,,,,,,
40,02:43.0,,,,,,,,,,
39,02:46.0,,,,,,,,,,
38,02:49.0,,,,,,,,,,
37,02:52.0,,,,,,,,,,
36,02:55.0,,,,,,,,,,
35,02:58.0,,,,,,,,,,
34,03:01.0,,,,,,,,,,
33,03:07.0,,,,,,,,,,
32,03:10.0,,,,,,,,,,
31,03:13.0,,,,,,,,,,
30,03:16.0,,,,,,,,,,
29,03:19.0,,,,,,,,,,
28,03:23.0,,,,,,,,,,
27,03:27.0,,,,,,,,,,
26,03:31.0,,,,,,,,,,
25,03:35.0,,,,,,,,,,
24,03:39.0,,,,,,,,,,
23,03:43.0,,,,,,,,,,
22,03:47.0,,,,,,,,,,
21,03:51.0,,,,,,,,,,
20,03:55.0,,,,,,,,,,
19,03:59.0,,,,,,,,,,
18,04:03.0,,,,,,,,,,
17,04:07.0,,,,,,,,,,
16,04:11.0,,,,,,,,,,
15,04:15.0,,,,,,,,,,
14,04:19.0,,,,,,,,,,
13,04:23.0,,,,,,,,,,
12,04:27.0,,,,,,,,,,
11,04:31.0,,,,,,,,,,
10,04:35.0,,,,,,,,,,
9,04:39.0,,,,,,,,,,
8,04:42.0,,,,,,,,,,
7,04:46.0,,,,,,,,,,
6,04:50.0,,,,,,,,,,
5,04:54.0,,,,,,,,,,
4,04:58.0,,,,,,,,,,
3,05:02.0,,,,,,,,,,
2,05:06.0,,,,,,,,,,
1,05:10.0,,,,,,,,,,
,,,,,,,,,,,
깊 19 100 쵠踏曇옘桿팀롸깃硫（25 쵠넥）100 쵠嵐曇 켕綾,,,,,,깊 19 100 쵠踏曇옘桿팀롸깃硫（25 쵠넥）100 쵠嵐曇 켕綾,,,,100쵠菱譚曇,켕綾
score,value,,,,,,,,,,
75,01:03.0,,,,,,,,,,
74,01:04.0,,,,,,,,,,
73,01:05.0,,,,,,,,,,
72,01:06.0,,,,,,,,,,
71,01:07.5,,,,,,,,,,
70,01:09.0,,,,,,,,,,
69,01:10.5,,,,,,,,,,
68,01:12.0,,,,,,,,,,
67,01:13.5,,,,,,,,,,
66,01:15.0,,,,,,,,,,
65,01:16.5,,,,,,,,,,
64,01:18.0,,,,,,,,,,
63,01:20.0,,,,,,,,,,
62,01:22.0,,,,,,,,,,
61,01:24.0,,,,,,,,,,
60,01:26.0,,,,,,,,,,
59,01:28.0,,,,,,,,,,
58,01:30.0,,,,,,,,,,
57,01:32.0,,,,,,,,,,
56,01:35.0,,,,,,,,,,
55,01:37.0,,,,,,,,,,
54,01:39.5,,,,,,,,,,
53,01:42.0,,,,,,,,,,
52,01:44.5,,,,,,,,,,
51,01:46.0,,,,,,,,,,
50,01:48.5,,,,,,,,,,
49,01:51.0,,,,,,,,,,
48,01:54.0,,,,,,,,,,
47,01:57.0,,,,,,,,,,
46,02:00.0,,,,,,,,,,
45,02:03.0,,,,,,,,,,
44,02:06.0,,,,,,,,,,
43,02:09.0,,,,,,,,,,
42,02:12.0,,,,,,,,,,
41,02:15.0,,,,,,,,,,
40,02:18.0,,,,,,,,,,
39,02:21.0,,,,,,,,,,
38,02:24.0,,,,,,,,,,
37,02:27.0,,,,,,,,,,
36,02:30.0,,,,,,,,,,
35,02:33.0,,,,,,,,,,
34,02:36.0,,,,,,,,,,
33,02:39.0,,,,,,,,,,
32,02:42.0,,,,,,,,,,
31,02:48.0,,,,,,,,,,
30,02:51.0,,,,,,,,,,
29,02:54.0,,,,,,,,,,
28,02:57.0,,,,,,,,,,
27,03:00.0,,,,,,,,,,
26,03:04.0,,,,,,,,,,
25,03:08.0,,,,,,,,,,
24,03:12.0,,,,,,,,,,
23,03:16.0,,,,,,,,,,
22,03:20.0,,,,,,,,,,
21,03:24.0,,,,,,,,,,
20,03:28.0,,,,,,,,,,
19,03:32.0,,,,,,,,,,
18,03:36.0,,,,,,,,,,
17,03:40.0,,,,,,,,,,
16,03:44.0,,,,,,,,,,
15,03:48.0,,,,,,,,,,
14,03:52.0,,,,,,,,,,
13,03:56.0,,,,,,,,,,
12,04:00.0,,,,,,,,,,
11,04:04.0,,,,,,,,,,
10,04:08.0,,,,,,,,,,
9,04:12.0,,,,,,,,,,
8,04:16.0,,,,,,,,,,
7,04:20.0,,,,,,,,,,
6,04:24.0,,,,,,,,,,
5,04:28.0,,,,,,,,,,
4,04:32.0,,,,,,,,,,
3,04:36.0,,,,,,,,,,
2,04:40.0,,,,,,,,,,
1,04:44.0,,,,,,,,,,
,,,,,,,,,,,
깊 19 100 쵠踏曇옘桿팀롸깃硫（25 쵠넥）100 쵠嵐曇 큽綾,,,,,,깊 19 100 쵠踏曇옘桿팀롸깃硫（25 쵠넥）100 쵠嵐曇 큽綾,,,,100쵠菱譚曇,
score,value,,,,,,,,,,
75,01:11.0,,,,,,,,,,
74,01:12.0,,,,,,,,,,
73,01:13.0,,,,,,,,,,
72,01:14.0,,,,,,,,,,
71,01:15.5,,,,,,,,,,
70,01:17.0,,,,,,,,,,
69,01:18.5,,,,,,,,,,
68,01:20.0,,,,,,,,,,
67,01:21.5,,,,,,,,,,
66,01:23.0,,,,,,,,,,
65,01:24.5,,,,,,,,,,
64,01:26.0,,,,,,,,,,
63,01:28.0,,,,,,,,,,
62,01:30.0,,,,,,,,,,
61,01:32.0,,,,,,,,,,
60,01:34.0,,,,,,,,,,
59,01:36.0,,,,,,,,,,
58,01:38.0,,,,,,,,,,
57,01:40.0,,,,,,,,,,
56,01:46.0,,,,,,,,,,
55,01:48.5,,,,,,,,,,
54,01:51.0,,,,,,,,,,
53,01:53.5,,,,,,,,,,
52,01:56.0,,,,,,,,,,
51,01:58.5,,,,,,,,,,
50,02:01.0,,,,,,,,,,
49,02:03.5,,,,,,,,,,
48,02:06.0,,,,,,,,,,
47,02:09.0,,,,,,,,,,
46,02:12.0,,,,,,,,,,
45,02:15.0,,,,,,,,,,
44,02:18.0,,,,,,,,,,
43,02:21.0,,,,,,,,,,
42,02:24.0,,,,,,,,,,
41,02:27.0,,,,,,,,,,
40,02:30.0,,,,,,,,,,
39,02:33.0,,,,,,,,,,
38,02:36.0,,,,,,,,,,
37,02:39.0,,,,,,,,,,
36,02:42.0,,,,,,,,,,
35,02:45.0,,,,,,,,,,
34,02:48.0,,,,,,,,,,
33,02:51.0,,,,,,,,,,
32,02:54.0,,,,,,,,,,
31,02:57.0,,,,,,,,,,
30,03:00.0,,,,,,,,,,
29,03:03.0,,,,,,,,,,
28,03:06.0,,,,,,,,,,
27,03:09.0,,,,,,,,,,
26,03:12.0,,,,,,,,,,
25,03:15.0,,,,,,,,,,
24,03:18.0,,,,,,,,,,
23,03:21.0,,,,,,,,,,
22,03:25.0,,,,,,,,,,
21,03:29.0,,,,,,,,,,
20,03:33.0,,,,,,,,,,
19,03:37.0,,,,,,,,,,
18,03:41.0,,,,,,,,,,
17,03:45.0,,,,,,,,,,
16,03:49.0,,,,,,,,,,
15,03:53.0,,,,,,,,,,
14,03:57.0,,,,,,,,,,
13,04:01.0,,,,,,,,,,
12,04:05.0,,,,,,,,,,
11,04:09.0,,,,,,,,,,
10,04:13.0,,,,,,,,,,
9,04:17.0,,,,,,,,,,
8,04:21.0,,,,,,,,,,
7,04:25.0,,,,,,,,,,
6,04:29.0,,,,,,,,,,
5,04:33.0,,,,,,,,,,
4,04:37.0,,,,,,,,,,
3,04:41.0,,,,,,,,,,
2,04:45.0,,,,,,,,,,
1,04:49.0,,,,,,,,,,
,,,,,,,,,,,
깊 20 100 쵠踏曇옘桿팀롸깃硫（50 쵠넥）100 쵠따曇 켕綾,,,,,,,,,,,
score,value,,,,,,,,,,
75,01:11.0,,,,,,,,,,
74,01:12.0,,,,,,,,,,
73,01:13.0,,,,,,,,,,
72,01:14.0,,,,,,,,,,
71,01:16.0,,,,,,,,,,
70,01:18.0,,,,,,,,,,
69,01:20.0,,,,,,,,,,
68,01:22.0,,,,,,,,,,
67,01:24.0,,,,,,,,,,
66,01:26.0,,,,,,,,,,
65,01:28.0,,,,,,,,,,
64,01:30.0,,,,,,,,,,
63,01:32.0,,,,,,,,,,
62,01:34.0,,,,,,,,,,
61,01:36.0,,,,,,,,,,
60,01:38.0,,,,,,,,,,
59,01:40.0,,,,,,,,,,
58,01:42.0,,,,,,,,,,
57,01:44.0,,,,,,,,,,
56,01:47.0,,,,,,,,,,
55,01:50.0,,,,,,,,,,
54,01:53.0,,,,,,,,,,
53,01:56.0,,,,,,,,,,
52,01:59.0,,,,,,,,,,
51,02:02.0,,,,,,,,,,
50,02:05.0,,,,,,,,,,
49,02:08.0,,,,,,,,,,
48,02:11.0,,,,,,,,,,
47,02:13.0,,,,,,,,,,
46,02:16.0,,,,,,,,,,
45,02:19.0,,,,,,,,,,
44,02:22.0,,,,,,,,,,
43,02:25.0,,,,,,,,,,
42,02:28.0,,,,,,,,,,
41,02:31.0,,,,,,,,,,
40,02:33.0,,,,,,,,,,
39,02:36.0,,,,,,,,,,
38,02:39.0,,,,,,,,,,
37,02:42.0,,,,,,,,,,
36,02:45.0,,,,,,,,,,
35,02:48.0,,,,,,,,,,
34,02:51.0,,,,,,,,,,
33,02:54.0,,,,,,,,,,
32,02:57.0,,,,,,,,,,
31,03:00.0,,,,,,,,,,
30,03:03.0,,,,,,,,,,
29,03:06.0,,,,,,,,,,
28,03:09.0,,,,,,,,,,
27,03:12.0,,,,,,,,,,
26,03:15.0,,,,,,,,,,
25,03:18.0,,,,,,,,,,
24,03:22.0,,,,,,,,,,
23,03:26.0,,,,,,,,,,
22,03:30.0,,,,,,,,,,
21,03:34.0,,,,,,,,,,
20,03:38.0,,,,,,,,,,
19,03:42.0,,,,,,,,,,
18,03:46.0,,,,,,,,,,
17,03:50.0,,,,,,,,,,
16,03:54.0,,,,,,,,,,
15,03:58.0,,,,,,,,,,
14,04:02.0,,,,,,,,,,
13,04:06.0,,,,,,,,,,
12,04:10.0,,,,,,,,,,
11,04:14.0,,,,,,,,,,
10,04:18.0,,,,,,,,,,
9,04:22.0,,,,,,,,,,
8,04:26.0,,,,,,,,,,
7,04:30.0,,,,,,,,,,
6,04:34.0,,,,,,,,,,
5,04:38.0,,,,,,,,,,
4,04:42.0,,,,,,,,,,
3,04:46.0,,,,,,,,,,
2,04:50.0,,,,,,,,,,
1,04:54.0,,,,,,,,,,
,,,,,,,,,,,
깊 20 100 쵠踏曇옘桿팀롸깃硫（50 쵠넥）100 쵠따曇 큽綾,,,,,,,,,,,
score,value,,,,,,,,,,
75,01:20.0,,,,,,,,,,
74,01:21.0,,,,,,,,,,
73,01:22.0,,,,,,,,,,
72,01:23.0,,,,,,,,,,
71,01:25.0,,,,,,,,,,
70,01:27.0,,,,,,,,,,
69,01:29.0,,,,,,,,,,
68,01:31.0,,,,,,,,,,
67,01:33.0,,,,,,,,,,
66,01:35.0,,,,,,,,,,
65,01:37.0,,,,,,,,,,
64,01:39.0,,,,,,,,,,
63,01:41.0,,,,,,,,,,
62,01:43.0,,,,,,,,,,
61,01:45.0,,,,,,,,,,
60,01:47.0,,,,,,,,,,
59,01:49.0,,,,,,,,,,
58,01:51.0,,,,,,,,,,
57,01:53.0,,,,,,,,,,
56,01:56.0,,,,,,,,,,
55,01:59.0,,,,,,,,,,
54,02:02.0,,,,,,,,,,
53,02:05.0,,,,,,,,,,
52,02:08.0,,,,,,,,,,
51,02:11.0,,,,,,,,,,
50,02:14.0,,,,,,,,,,
49,02:17.0,,,,,,,,,,
48,02:20.0,,,,,,,,,,
47,02:23.0,,,,,,,,,,
46,02:26.0,,,,,,,,,,
45,02:29.0,,,,,,,,,,
44,02:32.0,,,,,,,,,,
43,02:35.0,,,,,,,,,,
42,02:38.0,,,,,,,,,,
41,02:41.0,,,,,,,,,,
40,02:44.0,,,,,,,,,,
39,02:47.0,,,,,,,,,,
38,02:50.0,,,,,,,,,,
37,02:53.0,,,,,,,,,,
36,02:56.0,,,,,,,,,,
35,02:59.0,,,,,,,,,,
34,03:02.0,,,,,,,,,,
33,03:05.0,,,,,,,,,,
32,03:08.0,,,,,,,,,,
31,03:11.0,,,,,,,,,,
30,03:14.0,,,,,,,,,,
29,03:17.0,,,,,,,,,,
28,03:20.0,,,,,,,,,,
27,03:23.0,,,,,,,,,,
26,03:26.0,,,,,,,,,,
25,03:29.0,,,,,,,,,,
24,03:32.0,,,,,,,,,,
23,03:36.0,,,,,,,,,,
22,03:40.0,,,,,,,,,,
21,03:44.0,,,,,,,,,,
20,03:48.0,,,,,,,,,,
19,03:52.0,,,,,,,,,,
18,03:56.0,,,,,,,,,,
17,04:00.0,,,,,,,,,,
16,04:04.0,,,,,,,,,,
15,04:08.0,,,,,,,,,,
14,04:12.0,,,,,,,,,,
13,04:16.0,,,,,,,,,,
12,04:20.0,,,,,,,,,,
11,04:24.0,,,,,,,,,,
10,04:28.0,,,,,,,,,,
9,04:32.0,,,,,,,,,,
8,04:36.0,,,,,,,,,,
7,04:40.0,,,,,,,,,,
6,04:44.0,,,,,,,,,,
5,04:48.0,,,,,,,,,,
4,04:52.0,,,,,,,,,,
3,04:56.0,,,,,,,,,,
2,05:00.0,,,,,,,,,,
1,05:04.0,,,,,,,,,,
,,,,,,,,,,,
깊 20 100 쵠踏曇옘桿팀롸깃硫（50 쵠넥）100 쵠嵐曇 켕綾,,,,,,,,,,,
score,value,,,,,,,,,,
75,01:14.0,,,,,,,,,,
74,01:15.0,,,,,,,,,,
73,01:16.0,,,,,,,,,,
72,01:17.0,,,,,,,,,,
71,01:19.0,,,,,,,,,,
70,01:21.0,,,,,,,,,,
69,01:23.0,,,,,,,,,,
68,01:25.0,,,,,,,,,,
67,01:27.0,,,,,,,,,,
66,01:29.0,,,,,,,,,,
65,01:31.0,,,,,,,,,,
64,01:33.0,,,,,,,,,,
63,01:35.0,,,,,,,,,,
62,01:37.0,,,,,,,,,,
61,01:39.0,,,,,,,,,,
60,01:41.0,,,,,,,,,,
59,01:43.0,,,,,,,,,,
58,01:45.0,,,,,,,,,,
57,01:47.0,,,,,,,,,,
56,01:50.0,,,,,,,,,,
55,01:53.0,,,,,,,,,,
54,01:56.0,,,,,,,,,,
53,01:59.0,,,,,,,,,,
52,02:01.0,,,,,,,,,,
51,02:03.0,,,,,,,,,,
50,02:06.0,,,,,,,,,,
49,02:09.0,,,,,,,,,,
48,02:12.0,,,,,,,,,,
47,02:15.0,,,,,,,,,,
46,02:18.0,,,,,,,,,,
45,02:21.0,,,,,,,,,,
44,02:24.5,,,,,,,,,,
43,02:27.0,,,,,,,,,,
42,02:30.0,,,,,,,,,,
41,02:33.0,,,,,,,,,,
40,02:36.0,,,,,,,,,,
39,02:39.0,,,,,,,,,,
38,02:42.0,,,,,,,,,,
37,02:45.0,,,,,,,,,,
36,02:48.0,,,,,,,,,,
35,02:51.0,,,,,,,,,,
34,02:54.0,,,,,,,,,,
33,02:57.0,,,,,,,,,,
32,03:00.0,,,,,,,,,,
31,03:03.0,,,,,,,,,,
30,03:06.0,,,,,,,,,,
29,03:09.0,,,,,,,,,,
28,03:12.0,,,,,,,,,,
27,03:15.0,,,,,,,,,,
26,03:18.0,,,,,,,,,,
25,03:21.0,,,,,,,,,,
24,03:24.0,,,,,,,,,,
23,03:27.0,,,,,,,,,,
22,03:31.0,,,,,,,,,,
21,03:35.0,,,,,,,,,,
20,03:39.0,,,,,,,,,,
19,03:43.0,,,,,,,,,,
18,03:47.0,,,,,,,,,,
17,03:51.0,,,,,,,,,,
16,03:55.0,,,,,,,,,,
15,03:59.0,,,,,,,,,,
14,04:03.0,,,,,,,,,,
13,04:07.0,,,,,,,,,,
12,04:11.0,,,,,,,,,,
11,04:15.0,,,,,,,,,,
10,04:19.0,,,,,,,,,,
9,04:23.0,,,,,,,,,,
8,04:27.0,,,,,,,,,,
7,04:31.0,,,,,,,,,,
6,04:35.0,,,,,,,,,,
5,04:39.0,,,,,,,,,,
4,04:43.0,,,,,,,,,,
3,04:47.0,,,,,,,,,,
2,04:51.0,,,,,,,,,,
1,04:55.0,,,,,,,,,,
,,,,,,,,,,,
깊 20 100 쵠踏曇옘桿팀롸깃硫（50 쵠넥）100 쵠嵐曇 큽綾,,,,,,,,,,,
score,value,,,,,,,,,,
75,01:21.0,,,,,,,,,,
74,01:22.0,,,,,,,,,,
73,01:23.0,,,,,,,,,,
72,01:24.0,,,,,,,,,,
71,01:26.0,,,,,,,,,,
70,01:28.0,,,,,,,,,,
69,01:30.0,,,,,,,,,,
68,01:32.0,,,,,,,,,,
67,01:34.0,,,,,,,,,,
66,01:36.0,,,,,,,,,,
65,01:38.0,,,,,,,,,,
64,01:40.0,,,,,,,,,,
63,01:42.0,,,,,,,,,,
62,01:44.0,,,,,,,,,,
61,01:46.0,,,,,,,,,,
60,01:48.0,,,,,,,,,,
59,01:50.0,,,,,,,,,,
58,01:52.0,,,,,,,,,,
57,01:55.0,,,,,,,,,,
56,01:58.0,,,,,,,,,,
55,02:01.0,,,,,,,,,,
54,02:04.0,,,,,,,,,,
53,02:07.0,,,,,,,,,,
52,02:10.0,,,,,,,,,,
51,02:13.0,,,,,,,,,,
50,02:16.0,,,,,,,,,,
49,02:19.0,,,,,,,,,,
48,02:22.0,,,,,,,,,,
47,02:25.0,,,,,,,,,,
46,02:28.0,,,,,,,,,,
45,02:31.0,,,,,,,,,,
44,02:34.0,,,,,,,,,,
43,02:37.0,,,,,,,,,,
42,02:40.0,,,,,,,,,,
41,02:43.0,,,,,,,,,,
40,02:46.0,,,,,,,,,,
39,02:49.0,,,,,,,,,,
38,02:52.0,,,,,,,,,,
37,02:55.0,,,,,,,,,,
36,02:58.0,,,,,,,,,,
35,03:01.0,,,,,,,,,,
34,03:04.0,,,,,,,,,,
33,03:07.0,,,,,,,,,,
32,03:10.0,,,,,,,,,,
31,03:13.0,,,,,,,,,,
30,03:16.0,,,,,,,,,,
29,03:19.0,,,,,,,,,,
28,03:22.0,,,,,,,,,,
27,03:25.0,,,,,,,,,,
26,03:28.0,,,,,,,,,,
25,31:00.0,,,,,,,,,,
24,03:35.0,,,,,,,,,,
23,03:39.0,,,,,,,,,,
22,03:43.0,,,,,,,,,,
21,03:47.0,,,,,,,,,,
20,03:51.0,,,,,,,,,,
19,03:55.0,,,,,,,,,,
18,03:59.0,,,,,,,,,,
17,04:03.0,,,,,,,,,,
16,04:07.0,,,,,,,,,,
15,04:11.0,,,,,,,,,,
14,04:15.0,,,,,,,,,,
13,04:19.0,,,,,,,,,,
12,04:23.0,,,,,,,,,,
11,04:27.0,,,,,,,,,,
10,04:31.0,,,,,,,,,,
9,04:35.0,,,,,,,,,,
8,04:39.0,,,,,,,,,,
7,04:43.0,,,,,,,,,,
6,04:47.0,,,,,,,,,,
5,04:51.0,,,,,,,,,,
4,04:55.0,,,,,,,,,,
3,04:59.0,,,,,,,,,,
2,05:03.0,,,,,,,,,,
1,05:07.0,,,,,,,,,,
,,,,,,,,,,,
깊 20 100 쵠踏曇옘桿팀롸깃硫（50 쵠넥）100 쵠鵠曇 켕綾,,,,,,,,,,,
score,value,,,,,,,,,,
75,01:20.0,,,,,,,,,,
74,01:21.0,,,,,,,,,,
73,01:22.0,,,,,,,,,,
72,01:23.0,,,,,,,,,,
71,01:25.0,,,,,,,,,,
70,01:27.0,,,,,,,,,,
69,01:29.0,,,,,,,,,,
68,01:31.0,,,,,,,,,,
67,01:33.0,,,,,,,,,,
66,01:35.0,,,,,,,,,,
65,01:37.0,,,,,,,,,,
64,01:39.0,,,,,,,,,,
63,01:41.0,,,,,,,,,,
62,01:43.0,,,,,,,,,,
61,01:45.0,,,,,,,,,,
60,01:47.0,,,,,,,,,,
59,01:49.0,,,,,,,,,,
58,01:51.0,,,,,,,,,,
57,01:53.0,,,,,,,,,,
56,01:55.0,,,,,,,,,,
55,01:57.0,,,,,,,,,,
54,02:00.0,,,,,,,,,,
53,02:03.0,,,,,,,,,,
52,02:06.0,,,,,,,,,,
51,02:09.0,,,,,,,,,,
50,02:12.0,,,,,,,,,,
49,02:15.0,,,,,,,,,,
48,02:18.0,,,,,,,,,,
47,02:21.0,,,,,,,,,,
46,02:24.0,,,,,,,,,,
45,02:27.0,,,,,,,,,,
44,02:30.0,,,,,,,,,,
43,02:33.0,,,,,,,,,,
42,02:36.0,,,,,,,,,,
41,02:39.0,,,,,,,,,,
40,02:42.0,,,,,,,,,,
39,02:45.0,,,,,,,,,,
38,02:48.0,,,,,,,,,,
37,02:51.0,,,,,,,,,,
36,02:54.0,,,,,,,,,,
35,02:57.0,,,,,,,,,,
34,03:00.0,,,,,,,,,,
33,03:03.0,,,,,,,,,,
32,03:06.0,,,,,,,,,,
31,03:09.0,,,,,,,,,,
30,03:12.0,,,,,,,,,,
29,03:15.0,,,,,,,,,,
28,03:18.0,,,,,,,,,,
27,03:22.0,,,,,,,,,,
26,03:25.0,,,,,,,,,,
25,03:29.0,,,,,,,,,,
24,03:33.0,,,,,,,,,,
23,03:36.0,,,,,,,,,,
22,03:39.0,,,,,,,,,,
21,03:43.0,,,,,,,,,,
20,03:47.0,,,,,,,,,,
19,03:51.0,,,,,,,,,,
18,03:55.0,,,,,,,,,,
17,03:59.0,,,,,,,,,,
16,04:03.0,,,,,,,,,,
15,04:07.0,,,,,,,,,,
14,04:11.0,,,,,,,,,,
13,04:15.0,,,,,,,,,,
12,04:19.0,,,,,,,,,,
11,04:23.0,,,,,,,,,,
10,04:27.0,,,,,,,,,,
9,04:31.0,,,,,,,,,,
8,04:35.0,,,,,,,,,,
7,04:39.0,,,,,,,,,,
6,04:43.0,,,,,,,,,,
5,04:47.0,,,,,,,,,,
4,04:51.0,,,,,,,,,,
3,04:55.0,,,,,,,,,,
2,04:59.0,,,,,,,,,,
1,05:03.0,,,,,,,,,,
,,,,,,,,,,,
깊 20 100 쵠踏曇옘桿팀롸깃硫（50 쵠넥）100 쵠鵠曇 큽綾,,,,,,,,,,,
score,value,,,,,,,,,,
75,01:29.0,,,,,,,,,,
74,01:30.0,,,,,,,,,,
73,01:31.0,,,,,,,,,,
72,01:32.0,,,,,,,,,,
71,01:34.0,,,,,,,,,,
70,01:36.0,,,,,,,,,,
69,01:38.0,,,,,,,,,,
68,01:40.0,,,,,,,,,,
67,01:42.0,,,,,,,,,,
66,01:44.0,,,,,,,,,,
65,01:46.0,,,,,,,,,,
64,01:48.0,,,,,,,,,,
63,01:50.0,,,,,,,,,,
62,01:52.0,,,,,,,,,,
61,01:54.0,,,,,,,,,,
60,01:56.0,,,,,,,,,,
59,01:58.0,,,,,,,,,,
58,02:00.0,,,,,,,,,,
57,02:02.0,,,,,,,,,,
56,02:05.0,,,,,,,,,,
55,02:08.0,,,,,,,,,,
54,02:11.0,,,,,,,,,,
53,02:14.0,,,,,,,,,,
52,02:17.0,,,,,,,,,,
51,02:20.0,,,,,,,,,,
50,02:23.0,,,,,,,,,,
49,02:26.0,,,,,,,,,,
48,02:29.0,,,,,,,,,,
47,02:32.0,,,,,,,,,,
46,02:35.0,,,,,,,,,,
45,02:38.0,,,,,,,,,,
44,02:42.0,,,,,,,,,,
43,02:45.0,,,,,,,,,,
42,02:48.0,,,,,,,,,,
41,02:51.0,,,,,,,,,,
40,02:54.0,,,,,,,,,,
39,02:57.0,,,,,,,,,,
38,03:00.0,,,,,,,,,,
37,03:03.0,,,,,,,,,,
36,03:06.0,,,,,,,,,,
35,03:09.0,,,,,,,,,,
34,03:12.0,,,,,,,,,,
33,03:15.0,,,,,,,,,,
32,03:18.0,,,,,,,,,,
31,03:21.0,,,,,,,,,,
30,03:24.0,,,,,,,,,,
29,03:28.0,,,,,,,,,,
28,03:32.0,,,,,,,,,,
27,03:36.0,,,,,,,,,,
26,03:40.0,,,,,,,,,,
25,03:44.0,,,,,,,,,,
24,03:48.0,,,,,,,,,,
23,03:52.0,,,,,,,,,,
22,03:56.0,,,,,,,,,,
21,04:00.0,,,,,,,,,,
20,04:04.0,,,,,,,,,,
19,04:08.0,,,,,,,,,,
18,04:12.0,,,,,,,,,,
17,04:16.0,,,,,,,,,,
16,04:20.0,,,,,,,,,,
15,04:24.0,,,,,,,,,,
14,04:28.0,,,,,,,,,,
13,04:32.0,,,,,,,,,,
12,04:36.0,,,,,,,,,,
11,04:40.0,,,,,,,,,,
10,04:44.0,,,,,,,,,,
9,04:48.0,,,,,,,,,,
8,04:52.0,,,,,,,,,,
7,04:56.0,,,,,,,,,,
6,05:00.0,,,,,,,,,,
5,05:04.0,,,,,,,,,,
4,05:08.0,,,,,,,,,,
3,05:12.0,,,,,,,,,,
2,05:16.0,,,,,,,,,,
1,05:20.0,,,,,,,,,,
,,,,,,,,,,,
깊 20 100 쵠踏曇옘桿팀롸깃硫（50 쵠넥）100 쵠菱譚曇 켕綾,,,,,,,,,,,
score,value,,,,,,,,,,
75,01:05.0,,,,,,,,,,
74,01:06.0,,,,,,,,,,
73,01:07.0,,,,,,,,,,
72,01:08.0,,,,,,,,,,
71,01:10.0,,,,,,,,,,
70,01:12.0,,,,,,,,,,
69,01:14.0,,,,,,,,,,
68,01:16.0,,,,,,,,,,
67,01:18.0,,,,,,,,,,
66,01:20.0,,,,,,,,,,
65,01:22.0,,,,,,,,,,
64,01:24.0,,,,,,,,,,
63,01:26.0,,,,,,,,,,
62,01:28.0,,,,,,,,,,
61,01:30.0,,,,,,,,,,
60,01:32.0,,,,,,,,,,
59,01:34.0,,,,,,,,,,
58,01:36.0,,,,,,,,,,
57,01:39.0,,,,,,,,,,
56,01:42.0,,,,,,,,,,
55,01:45.0,,,,,,,,,,
54,01:48.0,,,,,,,,,,
53,01:50.0,,,,,,,,,,
52,01:53.0,,,,,,,,,,
51,01:56.0,,,,,,,,,,
50,01:59.0,,,,,,,,,,
49,02:02.0,,,,,,,,,,
48,02:05.0,,,,,,,,,,
47,02:08.0,,,,,,,,,,
46,02:11.0,,,,,,,,,,
45,02:14.0,,,,,,,,,,
44,02:17.0,,,,,,,,,,
43,02:20.0,,,,,,,,,,
42,02:23.0,,,,,,,,,,
41,02:27.0,,,,,,,,,,
40,02:30.0,,,,,,,,,,
39,02:33.0,,,,,,,,,,
38,02:36.0,,,,,,,,,,
37,02:39.0,,,,,,,,,,
36,02:42.0,,,,,,,,,,
35,02:45.0,,,,,,,,,,
34,02:48.0,,,,,,,,,,
33,02:51.0,,,,,,,,,,
32,02:54.0,,,,,,,,,,
31,02:57.0,,,,,,,,,,
30,03:00.0,,,,,,,,,,
29,03:03.0,,,,,,,,,,
28,03:06.0,,,,,,,,,,
27,03:09.0,,,,,,,,,,
26,03:13.0,,,,,,,,,,
25,03:17.0,,,,,,,,,,
24,03:21.0,,,,,,,,,,
23,03:25.0,,,,,,,,,,
22,03:29.0,,,,,,,,,,
21,03:33.0,,,,,,,,,,
20,03:37.0,,,,,,,,,,
19,03:41.0,,,,,,,,,,
18,03:45.0,,,,,,,,,,
17,03:49.0,,,,,,,,,,
16,03:53.0,,,,,,,,,,
15,03:57.0,,,,,,,,,,
14,04:01.0,,,,,,,,,,
13,04:05.0,,,,,,,,,,
12,04:09.0,,,,,,,,,,
11,04:13.0,,,,,,,,,,
10,04:17.0,,,,,,,,,,
9,04:21.0,,,,,,,,,,
8,04:25.0,,,,,,,,,,
7,04:29.0,,,,,,,,,,
6,04:33.0,,,,,,,,,,
5,04:37.0,,,,,,,,,,
4,04:41.0,,,,,,,,,,
3,04:45.0,,,,,,,,,,
2,04:49.0,,,,,,,,,,
1,04:53.0,,,,,,,,,,
,,,,,,,,,,,
깊 20 100 쵠踏曇옘桿팀롸깃硫（50 쵠넥）100 쵠菱譚曇 큽綾,,,,,,,,,,,
score,value,,,,,,,,,,
75,01:13.0,,,,,,,,,,
74,01:14.0,,,,,,,,,,
73,01:15.0,,,,,,,,,,
72,01:16.0,,,,,,,,,,
71,01:18.0,,,,,,,,,,
70,01:20.0,,,,,,,,,,
69,01:22.0,,,,,,,,,,
68,01:24.0,,,,,,,,,,
67,01:26.0,,,,,,,,,,
66,01:28.0,,,,,,,,,,
65,01:30.0,,,,,,,,,,
64,01:32.0,,,,,,,,,,
63,01:34.0,,,,,,,,,,
62,01:36.0,,,,,,,,,,
61,01:38.0,,,,,,,,,,
60,01:40.0,,,,,,,,,,
59,01:42.0,,,,,,,,,,
58,01:44.0,,,,,,,,,,
57,01:46.0,,,,,,,,,,
56,01:49.0,,,,,,,,,,
55,01:52.0,,,,,,,,,,
54,01:55.0,,,,,,,,,,
53,01:58.0,,,,,,,,,,
52,02:01.0,,,,,,,,,,
51,02:04.0,,,,,,,,,,
50,02:07.0,,,,,,,,,,
49,02:10.0,,,,,,,,,,
48,02:13.0,,,,,,,,,,
47,02:16.0,,,,,,,,,,
46,02:19.0,,,,,,,,,,
45,02:22.0,,,,,,,,,,
44,02:25.0,,,,,,,,,,
43,02:28.0,,,,,,,,,,
42,02:31.0,,,,,,,,,,
41,02:34.0,,,,,,,,,,
40,02:37.4,,,,,,,,,,
39,02:40.0,,,,,,,,,,
38,02:43.0,,,,,,,,,,
37,02:46.0,,,,,,,,,,
36,02:49.0,,,,,,,,,,
35,02:52.0,,,,,,,,,,
34,02:55.0,,,,,,,,,,
33,02:58.0,,,,,,,,,,
32,03:01.0,,,,,,,,,,
31,03:04.0,,,,,,,,,,
30,03:07.0,,,,,,,,,,
29,03:10.0,,,,,,,,,,
28,03:14.0,,,,,,,,,,
27,03:17.0,,,,,,,,,,
26,03:20.0,,,,,,,,,,
25,03:23.0,,,,,,,,,,
24,03:26.0,,,,,,,,,,
23,03:29.0,,,,,,,,,,
22,03:33.0,,,,,,,,,,
21,03:37.0,,,,,,,,,,
20,03:41.0,,,,,,,,,,
19,03:45.0,,,,,,,,,,
18,03:49.0,,,,,,,,,,
17,03:53.0,,,,,,,,,,
16,03:57.0,,,,,,,,,,
15,04:01.0,,,,,,,,,,
14,04:05.0,,,,,,,,,,
13,04:09.0,,,,,,,,,,
12,04:13.0,,,,,,,,,,
11,04:17.0,,,,,,,,,,
10,04:21.0,,,,,,,,,,
9,04:25.0,,,,,,,,,,
8,04:29.0,,,,,,,,,,
7,04:33.0,,,,,,,,,,
6,04:37.0,,,,,,,,,,
5,04:41.0,,,,,,,,,,
4,04:45.0,,,,,,,,,,
3,04:49.0,,,,,,,,,,
2,04:53.0,,,,,,,,,,
1,04:57.0,,,,,,,,,,
,,,,,,,,,,,
깊 21 50 쵠踏曇옘桿팀롸깃硫（25 쵠넥）50 쵠따曇 켕綾,,,,,,,,,,,
score,value,,,,,,,,,,
75,31.5,,,,,,,,,,
74,32,,,,,,,,,,
73,33.5,,,,,,,,,,
72,34,,,,,,,,,,
71,34.5,,,,,,,,,,
70,35,,,,,,,,,,
69,35.7,,,,,,,,,,
68,36.4,,,,,,,,,,
67,37.1,,,,,,,,,,
66,38.8,,,,,,,,,,
65,39.5,,,,,,,,,,
64,40.2,,,,,,,,,,
63,40.9,,,,,,,,,,
62,41.6,,,,,,,,,,
61,42.3,,,,,,,,,,
60,43,,,,,,,,,,
59,44,,,,,,,,,,
58,45,,,,,,,,,,
57,46,,,,,,,,,,
56,47,,,,,,,,,,
55,48,,,,,,,,,,
54,49.5,,,,,,,,,,
53,51,,,,,,,,,,
52,52.5,,,,,,,,,,
51,54,,,,,,,,,,
50,55.5,,,,,,,,,,
49,57,,,,,,,,,,
48,58.5,,,,,,,,,,
47,01:00.3,,,,,,,,,,
46,01:02.0,,,,,,,,,,
45,01:03.7,,,,,,,,,,
44,01:05.4,,,,,,,,,,
43,01:07.2,,,,,,,,,,
42,01:09.1,,,,,,,,,,
41,01:11.0,,,,,,,,,,
40,01:13.0,,,,,,,,,,
39,01:15.0,,,,,,,,,,
38,01:17.0,,,,,,,,,,
37,01:19.0,,,,,,,,,,
36,01:21.0,,,,,,,,,,
35,01:23.0,,,,,,,,,,
34,01:25.5,,,,,,,,,,
33,01:28.0,,,,,,,,,,
32,01:30.5,,,,,,,,,,
31,01:33.0,,,,,,,,,,
30,01:35.5,,,,,,,,,,
29,01:38.0,,,,,,,,,,
28,01:40.5,,,,,,,,,,
27,01:43.0,,,,,,,,,,
26,01:45.5,,,,,,,,,,
25,01:48.0,,,,,,,,,,
24,01:50.5,,,,,,,,,,
23,01:53.0,,,,,,,,,,
22,01:55.5,,,,,,,,,,
21,01:58.0,,,,,,,,,,
20,02:00.5,,,,,,,,,,
19,02:03.0,,,,,,,,,,
18,02:05.5,,,,,,,,,,
17,02:08.0,,,,,,,,,,
16,02:10.5,,,,,,,,,,
15,02:13.0,,,,,,,,,,
14,02:16.0,,,,,,,,,,
13,02:19.0,,,,,,,,,,
12,02:22.0,,,,,,,,,,
11,02:25.0,,,,,,,,,,
10,02:28.0,,,,,,,,,,
9,02:31.0,,,,,,,,,,
8,02:34.0,,,,,,,,,,
7,02:37.0,,,,,,,,,,
6,02:41.0,,,,,,,,,,
5,02:44.0,,,,,,,,,,
4,02:48.0,,,,,,,,,,
3,02:52.0,,,,,,,,,,
2,02:56.0,,,,,,,,,,
1,03:00.0,,,,,,,,,,
,,,,,,,,,,,
깊 21 50 쵠踏曇옘桿팀롸깃硫（25 쵠넥）50 쵠따曇 큽綾,,,,,,,,,,,
score,value,,,,,,,,,,
75,35.5,,,,,,,,,,
74,36,,,,,,,,,,
73,36.5,,,,,,,,,,
72,37,,,,,,,,,,
71,37.5,,,,,,,,,,
70,38,,,,,,,,,,
69,38.7,,,,,,,,,,
68,39.4,,,,,,,,,,
67,40.1,,,,,,,,,,
66,41.8,,,,,,,,,,
65,42.5,,,,,,,,,,
64,43.2,,,,,,,,,,
63,43.9,,,,,,,,,,
62,44.6,,,,,,,,,,
61,45.3,,,,,,,,,,
60,46,,,,,,,,,,
59,47,,,,,,,,,,
58,48,,,,,,,,,,
57,49.5,,,,,,,,,,
56,51,,,,,,,,,,
55,52.5,,,,,,,,,,
54,54,,,,,,,,,,
53,55.5,,,,,,,,,,
52,57,,,,,,,,,,
51,58.5,,,,,,,,,,
50,01:00.2,,,,,,,,,,
49,01:02.7,,,,,,,,,,
48,01:04.3,,,,,,,,,,
47,01:06.0,,,,,,,,,,
46,01:07.7,,,,,,,,,,
45,01:09.4,,,,,,,,,,
44,01:11.2,,,,,,,,,,
43,01:13.1,,,,,,,,,,
42,01:15.0,,,,,,,,,,
41,01:17.0,,,,,,,,,,
40,01:19.0,,,,,,,,,,
39,01:21.0,,,,,,,,,,
38,01:23.0,,,,,,,,,,
37,01:25.0,,,,,,,,,,
36,01:27.0,,,,,,,,,,
35,01:29.5,,,,,,,,,,
34,01:31.0,,,,,,,,,,
33,01:33.5,,,,,,,,,,
32,01:36.0,,,,,,,,,,
31,01:38.5,,,,,,,,,,
30,01:41.0,,,,,,,,,,
29,01:43.5,,,,,,,,,,
28,01:46.0,,,,,,,,,,
27,01:48.5,,,,,,,,,,
26,01:51.0,,,,,,,,,,
25,01:53.5,,,,,,,,,,
24,01:56.0,,,,,,,,,,
23,01:58.5,,,,,,,,,,
22,02:01.0,,,,,,,,,,
21,02:03.5,,,,,,,,,,
20,02:05.0,,,,,,,,,,
19,02:07.5,,,,,,,,,,
18,02:10.0,,,,,,,,,,
17,02:13.0,,,,,,,,,,
16,02:16.0,,,,,,,,,,
15,02:19.0,,,,,,,,,,
14,02:22.0,,,,,,,,,,
13,02:25.0,,,,,,,,,,
12,02:28.0,,,,,,,,,,
11,02:31.0,,,,,,,,,,
10,02:34.0,,,,,,,,,,
9,02:37.0,,,,,,,,,,
8,02:40.0,,,,,,,,,,
7,02:44.0,,,,,,,,,,
6,02:48.0,,,,,,,,,,
5,02:52.0,,,,,,,,,,
4,02:56.0,,,,,,,,,,
3,03:00.0,,,,,,,,,,
2,03:04.0,,,,,,,,,,
1,03:08.0,,,,,,,,,,
,,,,,,,,,,,
깊 21 50 쵠踏曇옘桿팀롸깃硫（25 쵠넥）50 쵠嵐曇 켕綾,,,,,,,,,,,
score,value,,,,,,,,,,
75,34.5,,,,,,,,,,
74,35,,,,,,,,,,
73,35.5,,,,,,,,,,
72,36,,,,,,,,,,
71,36.5,,,,,,,,,,
70,37,,,,,,,,,,
69,37.7,,,,,,,,,,
68,38.4,,,,,,,,,,
67,39.1,,,,,,,,,,
66,40.8,,,,,,,,,,
65,41.5,,,,,,,,,,
64,42.2,,,,,,,,,,
63,42.9,,,,,,,,,,
62,43.6,,,,,,,,,,
61,44.3,,,,,,,,,,
60,45,,,,,,,,,,
59,46,,,,,,,,,,
58,47,,,,,,,,,,
57,48.5,,,,,,,,,,
56,50,,,,,,,,,,
55,51.5,,,,,,,,,,
54,53,,,,,,,,,,
53,54.5,,,,,,,,,,
52,56,,,,,,,,,,
51,57.5,,,,,,,,,,
50,59,,,,,,,,,,
49,01:01.7,,,,,,,,,,
48,01:03.3,,,,,,,,,,
47,01:05.0,,,,,,,,,,
46,01:06.7,,,,,,,,,,
45,01:08.4,,,,,,,,,,
44,01:10.2,,,,,,,,,,
43,01:12.1,,,,,,,,,,
42,01:14.0,,,,,,,,,,
41,01:16.0,,,,,,,,,,
40,01:18.0,,,,,,,,,,
39,01:20.0,,,,,,,,,,
38,01:22.0,,,,,,,,,,
37,01:24.0,,,,,,,,,,
36,01:26.0,,,,,,,,,,
35,01:28.5,,,,,,,,,,
34,01:30.0,,,,,,,,,,
33,01:32.5,,,,,,,,,,
32,01:35.0,,,,,,,,,,
31,01:37.5,,,,,,,,,,
30,01:40.0,,,,,,,,,,
29,01:42.5,,,,,,,,,,
28,01:45.0,,,,,,,,,,
27,01:47.5,,,,,,,,,,
26,01:50.0,,,,,,,,,,
25,01:52.5,,,,,,,,,,
24,01:55.0,,,,,,,,,,
23,01:57.5,,,,,,,,,,
22,02:00.0,,,,,,,,,,
21,02:02.5,,,,,,,,,,
20,02:04.0,,,,,,,,,,
19,02:07.5,,,,,,,,,,
18,02:09.0,,,,,,,,,,
17,02:12.0,,,,,,,,,,
16,02:15.0,,,,,,,,,,
15,02:18.0,,,,,,,,,,
14,02:22.0,,,,,,,,,,
13,02:24.0,,,,,,,,,,
12,02:27.0,,,,,,,,,,
11,02:30.0,,,,,,,,,,
10,02:33.0,,,,,,,,,,
9,02:36.0,,,,,,,,,,
8,02:40.0,,,,,,,,,,
7,02:43.0,,,,,,,,,,
6,02:47.0,,,,,,,,,,
5,02:51.0,,,,,,,,,,
4,02:55.0,,,,,,,,,,
3,02:59.0,,,,,,,,,,
2,03:03.0,,,,,,,,,,
1,03:07.0,,,,,,,,,,
,,,,,,,,,,,
깊 21 50 쵠踏曇옘桿팀롸깃硫（25 쵠넥）50 쵠嵐曇 큽綾,,,,,,,,,,,
score,value,,,,,,,,,,
75,37.5,,,,,,,,,,
74,38,,,,,,,,,,
73,38.5,,,,,,,,,,
72,39,,,,,,,,,,
71,39.5,,,,,,,,,,
70,40,,,,,,,,,,
69,40.7,,,,,,,,,,
68,41.4,,,,,,,,,,
67,42.1,,,,,,,,,,
66,43.8,,,,,,,,,,
65,44.5,,,,,,,,,,
64,45.2,,,,,,,,,,
63,45.9,,,,,,,,,,
62,46.6,,,,,,,,,,
61,47.3,,,,,,,,,,
60,48,,,,,,,,,,
59,49,,,,,,,,,,
58,50,,,,,,,,,,
57,51.5,,,,,,,,,,
56,53,,,,,,,,,,
55,54.5,,,,,,,,,,
54,56,,,,,,,,,,
53,57.5,,,,,,,,,,
52,59,,,,,,,,,,
51,01:01.2,,,,,,,,,,
50,01:03.7,,,,,,,,,,
49,01:05.3,,,,,,,,,,
48,01:07.0,,,,,,,,,,
47,01:08.7,,,,,,,,,,
46,01:10.4,,,,,,,,,,
45,01:12.2,,,,,,,,,,
44,01:14.1,,,,,,,,,,
43,01:16.0,,,,,,,,,,
42,01:18.0,,,,,,,,,,
41,01:20.0,,,,,,,,,,
40,01:22.0,,,,,,,,,,
39,01:24.0,,,,,,,,,,
38,01:26.0,,,,,,,,,,
37,01:28.0,,,,,,,,,,
36,01:30.5,,,,,,,,,,
35,01:33.0,,,,,,,,,,
34,01:35.5,,,,,,,,,,
33,01:38.0,,,,,,,,,,
32,01:40.5,,,,,,,,,,
31,01:43.0,,,,,,,,,,
30,01:45.5,,,,,,,,,,
29,01:48.0,,,,,,,,,,
28,01:50.5,,,,,,,,,,
27,01:53.0,,,,,,,,,,
26,01:55.5,,,,,,,,,,
25,01:58.0,,,,,,,,,,
24,02:00.5,,,,,,,,,,
23,02:03.0,,,,,,,,,,
22,02:05.5,,,,,,,,,,
21,02:08.0,,,,,,,,,,
20,02:10.5,,,,,,,,,,
19,02:13.0,,,,,,,,,,
18,02:15.5,,,,,,,,,,
17,02:18.0,,,,,,,,,,
16,02:21.0,,,,,,,,,,
15,02:24.0,,,,,,,,,,
14,02:27.0,,,,,,,,,,
13,02:30.0,,,,,,,,,,
12,02:33.0,,,,,,,,,,
11,02:36.0,,,,,,,,,,
10,02:39.0,,,,,,,,,,
9,02:42.0,,,,,,,,,,
8,02:46.0,,,,,,,,,,
7,02:50.0,,,,,,,,,,
6,02:54.0,,,,,,,,,,
5,02:58.0,,,,,,,,,,
4,03:02.0,,,,,,,,,,
3,03:06.0,,,,,,,,,,
2,03:10.0,,,,,,,,,,
1,03:14.0,,,,,,,,,,
,,,,,,,,,,,
깊 21 50 쵠踏曇옘桿팀롸깃硫（25 쵠넥）50 쵠鵠曇 켕綾,,,,,,,,,,,
score,value,,,,,,,,,,
75,36,,,,,,,,,,
74,36.5,,,,,,,,,,
73,37,,,,,,,,,,
72,37.5,,,,,,,,,,
71,38,,,,,,,,,,
70,38.5,,,,,,,,,,
69,39,,,,,,,,,,
68,39.7,,,,,,,,,,
67,40.4,,,,,,,,,,
66,41.1,,,,,,,,,,
65,42.8,,,,,,,,,,
64,43.5,,,,,,,,,,
63,44.2,,,,,,,,,,
62,44.9,,,,,,,,,,
61,45.6,,,,,,,,,,
60,46.3,,,,,,,,,,
59,47,,,,,,,,,,
58,48,,,,,,,,,,
57,49,,,,,,,,,,
56,50.5,,,,,,,,,,
55,52,,,,,,,,,,
54,53.5,,,,,,,,,,
53,55,,,,,,,,,,
52,56.5,,,,,,,,,,
51,58,,,,,,,,,,
50,59.5,,,,,,,,,,
49,01:01.2,,,,,,,,,,
48,01:03.7,,,,,,,,,,
47,01:05.3,,,,,,,,,,
46,01:07.0,,,,,,,,,,
45,01:08.7,,,,,,,,,,
44,01:10.4,,,,,,,,,,
43,01:12.2,,,,,,,,,,
42,01:14.1,,,,,,,,,,
41,01:16.0,,,,,,,,,,
40,01:18.0,,,,,,,,,,
39,01:20.0,,,,,,,,,,
38,01:22.0,,,,,,,,,,
37,01:24.0,,,,,,,,,,
36,01:26.0,,,,,,,,,,
35,01:28.0,,,,,,,,,,
34,01:30.5,,,,,,,,,,
33,01:33.0,,,,,,,,,,
32,01:35.5,,,,,,,,,,
31,01:38.0,,,,,,,,,,
30,01:40.5,,,,,,,,,,
29,01:43.0,,,,,,,,,,
28,01:45.5,,,,,,,,,,
27,01:48.0,,,,,,,,,,
26,01:50.5,,,,,,,,,,
25,01:53.0,,,,,,,,,,
24,01:55.5,,,,,,,,,,
23,01:58.0,,,,,,,,,,
22,02:00.5,,,,,,,,,,
21,02:03.0,,,,,,,,,,
20,02:05.5,,,,,,,,,,
19,02:08.0,,,,,,,,,,
18,02:10.5,,,,,,,,,,
17,02:13.0,,,,,,,,,,
16,02:15.5,,,,,,,,,,
15,02:18.0,,,,,,,,,,
14,02:21.0,,,,,,,,,,
13,02:24.0,,,,,,,,,,
12,02:27.0,,,,,,,,,,
11,02:30.0,,,,,,,,,,
10,02:33.0,,,,,,,,,,
9,02:36.0,,,,,,,,,,
8,02:39.0,,,,,,,,,,
7,02:42.0,,,,,,,,,,
6,02:46.0,,,,,,,,,,
5,02:50.0,,,,,,,,,,
4,02:54.0,,,,,,,,,,
3,02:58.0,,,,,,,,,,
2,03:02.0,,,,,,,,,,
1,03:06.0,,,,,,,,,,
,,,,,,,,,,,
깊 21 50 쵠踏曇옘桿팀롸깃硫（25 쵠넥）50 쵠鵠曇 큽綾,,,,,,,,,,,
score,value,,,,,,,,,,
75,40,,,,,,,,,,
74,40.5,,,,,,,,,,
73,41,,,,,,,,,,
72,41.5,,,,,,,,,,
71,42,,,,,,,,,,
70,42.5,,,,,,,,,,
69,43,,,,,,,,,,
68,43.7,,,,,,,,,,
67,44.4,,,,,,,,,,
66,45.1,,,,,,,,,,
65,46.8,,,,,,,,,,
64,47.5,,,,,,,,,,
63,48.2,,,,,,,,,,
62,48.9,,,,,,,,,,
61,50,,,,,,,,,,
60,51,,,,,,,,,,
59,52,,,,,,,,,,
58,53.5,,,,,,,,,,
57,55,,,,,,,,,,
56,56.5,,,,,,,,,,
55,58,,,,,,,,,,
54,59.5,,,,,,,,,,
53,01:01.4,,,,,,,,,,
52,01:02.8,,,,,,,,,,
51,01:04.2,,,,,,,,,,
50,01:06.7,,,,,,,,,,
49,01:08.3,,,,,,,,,,
48,01:10.0,,,,,,,,,,
47,01:11.7,,,,,,,,,,
46,01:13.4,,,,,,,,,,
45,01:15.2,,,,,,,,,,
44,01:17.1,,,,,,,,,,
43,01:19.0,,,,,,,,,,
42,01:21.0,,,,,,,,,,
41,01:23.0,,,,,,,,,,
40,01:25.0,,,,,,,,,,
39,01:27.0,,,,,,,,,,
38,01:29.0,,,,,,,,,,
37,01:31.0,,,,,,,,,,
36,01:33.0,,,,,,,,,,
35,01:35.0,,,,,,,,,,
34,01:37.5,,,,,,,,,,
33,01:40.0,,,,,,,,,,
32,01:42.5,,,,,,,,,,
31,01:46.0,,,,,,,,,,
30,01:48.5,,,,,,,,,,
29,01:51.0,,,,,,,,,,
28,01:53.5,,,,,,,,,,
27,01:56.0,,,,,,,,,,
26,01:58.5,,,,,,,,,,
25,02:01.0,,,,,,,,,,
24,02:03.5,,,,,,,,,,
23,02:06.0,,,,,,,,,,
22,02:08.5,,,,,,,,,,
21,02:11.0,,,,,,,,,,
20,02:13.5,,,,,,,,,,
19,02:16.0,,,,,,,,,,
18,02:18.5,,,,,,,,,,
17,02:21.0,,,,,,,,,,
16,02:23.5,,,,,,,,,,
15,02:26.0,,,,,,,,,,
14,02:29.0,,,,,,,,,,
13,02:32.0,,,,,,,,,,
12,02:35.0,,,,,,,,,,
11,02:38.0,,,,,,,,,,
10,02:41.0,,,,,,,,,,
9,02:44.0,,,,,,,,,,
8,02:47.0,,,,,,,,,,
7,02:50.0,,,,,,,,,,
6,02:54.0,,,,,,,,,,
5,02:59.0,,,,,,,,,,
4,03:03.0,,,,,,,,,,
3,03:07.0,,,,,,,,,,
2,03:11.0,,,,,,,,,,
1,03:15.0,,,,,,,,,,
,,,,,,,,,,,
깊 21 50 쵠踏曇옘桿팀롸깃硫（25 쵠넥）50 쵠菱譚曇 켕綾,,,,,,,,,,,
score,value,,,,,,,,,,
75,26.5,,,,,,,,,,
74,27,,,,,,,,,,
73,27.5,,,,,,,,,,
72,28,,,,,,,,,,
71,28.5,,,,,,,,,,
70,29,,,,,,,,,,
69,29.7,,,,,,,,,,
68,30.4,,,,,,,,,,
67,31.1,,,,,,,,,,
66,31.8,,,,,,,,,,
65,32.5,,,,,,,,,,
64,33.2,,,,,,,,,,
63,33.9,,,,,,,,,,
62,34.6,,,,,,,,,,
61,35.3,,,,,,,,,,
60,36,,,,,,,,,,
59,37,,,,,,,,,,
58,38.2,,,,,,,,,,
57,39.4,,,,,,,,,,
56,40.6,,,,,,,,,,
55,42,,,,,,,,,,
54,43.6,,,,,,,,,,
53,45.2,,,,,,,,,,
52,46.8,,,,,,,,,,
51,48.4,,,,,,,,,,
50,50.2,,,,,,,,,,
49,52,,,,,,,,,,
48,53.8,,,,,,,,,,
47,55.6,,,,,,,,,,
46,57.4,,,,,,,,,,
45,59.2,,,,,,,,,,
44,01:00.0,,,,,,,,,,
43,01:01.0,,,,,,,,,,
42,01:03.0,,,,,,,,,,
41,01:05.0,,,,,,,,,,
40,01:07.0,,,,,,,,,,
39,01:09.0,,,,,,,,,,
38,01:11.0,,,,,,,,,,
37,01:13.0,,,,,,,,,,
36,01:15.0,,,,,,,,,,
35,01:17.0,,,,,,,,,,
34,01:19.0,,,,,,,,,,
33,01:21.0,,,,,,,,,,
32,01:23.5,,,,,,,,,,
31,01:26.0,,,,,,,,,,
30,01:28.5,,,,,,,,,,
29,01:31.0,,,,,,,,,,
28,01:33.5,,,,,,,,,,
27,01:36.0,,,,,,,,,,
26,01:38.5,,,,,,,,,,
25,01:41.0,,,,,,,,,,
24,01:43.5,,,,,,,,,,
23,01:46.0,,,,,,,,,,
22,01:48.5,,,,,,,,,,
21,01:51.0,,,,,,,,,,
20,01:53.5,,,,,,,,,,
19,01:56.0,,,,,,,,,,
18,01:58.5,,,,,,,,,,
17,02:01.0,,,,,,,,,,
16,02:03.5,,,,,,,,,,
15,02:06.0,,,,,,,,,,
14,02:08.5,,,,,,,,,,
13,02:11.0,,,,,,,,,,
12,02:14.0,,,,,,,,,,
11,02:17.0,,,,,,,,,,
10,02:20.0,,,,,,,,,,
9,02:23.0,,,,,,,,,,
8,02:26.0,,,,,,,,,,
7,02:29.0,,,,,,,,,,
6,02:32.0,,,,,,,,,,
5,02:35.0,,,,,,,,,,
4,02:39.0,,,,,,,,,,
3,02:43.0,,,,,,,,,,
2,02:47.0,,,,,,,,,,
1,02:51.0,,,,,,,,,,
,,,,,,,,,,,
깊 21 50 쵠踏曇옘桿팀롸깃硫（25 쵠넥）50 쵠菱譚曇 큽綾,,,,,,,,,,,
score,value,,,,,,,,,,
75,30.5,,,,,,,,,,
74,31,,,,,,,,,,
73,31.5,,,,,,,,,,
72,32,,,,,,,,,,
71,32.5,,,,,,,,,,
70,33,,,,,,,,,,
69,33.7,,,,,,,,,,
68,34.4,,,,,,,,,,
67,35.1,,,,,,,,,,
66,36.8,,,,,,,,,,
65,37.5,,,,,,,,,,
64,38.2,,,,,,,,,,
63,38.9,,,,,,,,,,
62,39.6,,,,,,,,,,
61,40.3,,,,,,,,,,
60,41,,,,,,,,,,
59,42,,,,,,,,,,
58,43.2,,,,,,,,,,
57,44.4,,,,,,,,,,
56,45.6,,,,,,,,,,
55,47,,,,,,,,,,
54,48.6,,,,,,,,,,
53,49.2,,,,,,,,,,
52,50.8,,,,,,,,,,
51,52.4,,,,,,,,,,
50,54.2,,,,,,,,,,
49,56,,,,,,,,,,
48,58.8,,,,,,,,,,
47,01:00.0,,,,,,,,,,
46,01:01.7,,,,,,,,,,
45,01:03.4,,,,,,,,,,
44,01:05.2,,,,,,,,,,
43,01:07.1,,,,,,,,,,
42,01:09.0,,,,,,,,,,
41,01:11.0,,,,,,,,,,
40,01:13.0,,,,,,,,,,
39,01:15.0,,,,,,,,,,
38,01:17.0,,,,,,,,,,
37,01:19.0,,,,,,,,,,
36,01:21.0,,,,,,,,,,
35,01:23.0,,,,,,,,,,
34,01:25.5,,,,,,,,,,
33,01:28.0,,,,,,,,,,
32,01:30.5,,,,,,,,,,
31,01:33.0,,,,,,,,,,
30,01:35.5,,,,,,,,,,
29,01:38.0,,,,,,,,,,
28,01:40.5,,,,,,,,,,
27,01:43.0,,,,,,,,,,
26,01:45.5,,,,,,,,,,
25,01:48.0,,,,,,,,,,
24,01:50.5,,,,,,,,,,
23,01:53.0,,,,,,,,,,
22,01:55.5,,,,,,,,,,
21,01:58.0,,,,,,,,,,
20,02:00.5,,,,,,,,,,
19,02:03.0,,,,,,,,,,
18,02:05.5,,,,,,,,,,
17,02:08.0,,,,,,,,,,
16,02:10.5,,,,,,,,,,
15,02:13.0,,,,,,,,,,
14,02:16.0,,,,,,,,,,
13,02:19.0,,,,,,,,,,
12,02:22.0,,,,,,,,,,
11,02:25.0,,,,,,,,,,
10,02:28.0,,,,,,,,,,
9,02:31.0,,,,,,,,,,
8,02:34.0,,,,,,,,,,
7,02:37.0,,,,,,,,,,
6,02:41.0,,,,,,,,,,
5,02:45.0,,,,,,,,,,
4,02:49.0,,,,,,,,,,
3,02:53.0,,,,,,,,,,
2,02:57.0,,,,,,,,,,
1,03:00.0,,,,,,,,,,
,,,,,,,,,,,
깊 22 50 쵠踏曇옘桿팀롸깃硫（50 쵠넥）50 쵠따曇 켕綾,,,,,,,,,,,
score,value,,,,,,,,,,
75,32.5,,,,,,,,,,
74,33,,,,,,,,,,
73,33.5,,,,,,,,,,
72,34,,,,,,,,,,
71,34.5,,,,,,,,,,
70,35,,,,,,,,,,
69,35.7,,,,,,,,,,
68,36.4,,,,,,,,,,
67,37.1,,,,,,,,,,
66,37.8,,,,,,,,,,
65,38.5,,,,,,,,,,
64,39.2,,,,,,,,,,
63,39.9,,,,,,,,,,
62,40.6,,,,,,,,,,
61,41.3,,,,,,,,,,
60,42,,,,,,,,,,
59,43.9,,,,,,,,,,
58,44.8,,,,,,,,,,
57,45.7,,,,,,,,,,
56,46.6,,,,,,,,,,
55,47.5,,,,,,,,,,
54,48.4,,,,,,,,,,
53,49.3,,,,,,,,,,
52,50.1,,,,,,,,,,
51,51,,,,,,,,,,
50,52,,,,,,,,,,
49,53,,,,,,,,,,
48,54,,,,,,,,,,
47,55,,,,,,,,,,
46,56.2,,,,,,,,,,
45,57.1,,,,,,,,,,
44,58,,,,,,,,,,
43,59.2,,,,,,,,,,
42,01:01.2,,,,,,,,,,
41,01:03.0,,,,,,,,,,
40,01:04.7,,,,,,,,,,
39,01:06.4,,,,,,,,,,
38,01:08.2,,,,,,,,,,
37,01:10.1,,,,,,,,,,
36,01:12.0,,,,,,,,,,
35,01:14.0,,,,,,,,,,
34,01:16.0,,,,,,,,,,
33,01:18.0,,,,,,,,,,
32,01:20.0,,,,,,,,,,
31,01:22.0,,,,,,,,,,
30,01:24.0,,,,,,,,,,
29,01:26.0,,,,,,,,,,
28,01:28.0,,,,,,,,,,
27,01:30.0,,,,,,,,,,
26,01:32.5,,,,,,,,,,
25,01:35.0,,,,,,,,,,
24,01:37.5,,,,,,,,,,
23,01:40.0,,,,,,,,,,
22,01:42.5,,,,,,,,,,
21,01:45.0,,,,,,,,,,
20,01:47.5,,,,,,,,,,
19,01:50.0,,,,,,,,,,
18,01:52.5,,,,,,,,,,
17,01:55.0,,,,,,,,,,
16,01:57.5,,,,,,,,,,
15,02:00.0,,,,,,,,,,
14,02:02.5,,,,,,,,,,
13,02:05.0,,,,,,,,,,
12,02:07.5,,,,,,,,,,
11,02:10.0,,,,,,,,,,
10,02:13.0,,,,,,,,,,
9,02:16.0,,,,,,,,,,
8,02:19.0,,,,,,,,,,
7,02:22.0,,,,,,,,,,
6,02:25.0,,,,,,,,,,
5,02:28.0,,,,,,,,,,
4,02:31.0,,,,,,,,,,
3,02:34.0,,,,,,,,,,
2,02:37.0,,,,,,,,,,
1,02:40.0,,,,,,,,,,
,,,,,,,,,,,
깊 22 50 쵠踏曇옘桿팀롸깃硫（50 쵠넥）50 쵠따曇 큽綾,,,,,,,,,,,
score,value,,,,,,,,,,
75,36.5,,,,,,,,,,
74,37,,,,,,,,,,
73,37.5,,,,,,,,,,
72,38,,,,,,,,,,
71,38.5,,,,,,,,,,
70,39,,,,,,,,,,
69,39.7,,,,,,,,,,
68,40.4,,,,,,,,,,
67,41.1,,,,,,,,,,
66,42.8,,,,,,,,,,
65,43.5,,,,,,,,,,
64,44.2,,,,,,,,,,
63,44.9,,,,,,,,,,
62,45.8,,,,,,,,,,
61,46.5,,,,,,,,,,
60,47.2,,,,,,,,,,
59,47.9,,,,,,,,,,
58,48.6,,,,,,,,,,
57,49.3,,,,,,,,,,
56,50,,,,,,,,,,
55,51,,,,,,,,,,
54,52,,,,,,,,,,
53,53,,,,,,,,,,
52,54,,,,,,,,,,
51,55,,,,,,,,,,
50,56,,,,,,,,,,
49,57,,,,,,,,,,
48,58,,,,,,,,,,
47,59,,,,,,,,,,
46,01:00.3,,,,,,,,,,
45,01:02.2,,,,,,,,,,
44,01:04.1,,,,,,,,,,
43,01:06.0,,,,,,,,,,
42,01:07.7,,,,,,,,,,
41,01:09.4,,,,,,,,,,
40,01:11.2,,,,,,,,,,
39,01:13.1,,,,,,,,,,
38,01:15.0,,,,,,,,,,
37,01:17.0,,,,,,,,,,
36,01:19.0,,,,,,,,,,
35,01:21.0,,,,,,,,,,
34,01:25.0,,,,,,,,,,
33,01:27.0,,,,,,,,,,
32,01:29.0,,,,,,,,,,
31,01:31.0,,,,,,,,,,
30,01:33.0,,,,,,,,,,
29,01:35.5,,,,,,,,,,
28,01:38.0,,,,,,,,,,
27,01:40.5,,,,,,,,,,
26,01:43.0,,,,,,,,,,
25,01:45.5,,,,,,,,,,
24,01:48.0,,,,,,,,,,
23,01:50.5,,,,,,,,,,
22,01:53.0,,,,,,,,,,
21,01:55.5,,,,,,,,,,
20,01:58.0,,,,,,,,,,
19,02:00.5,,,,,,,,,,
18,02:03.0,,,,,,,,,,
17,02:05.5,,,,,,,,,,
16,02:08.0,,,,,,,,,,
15,02:10.5,,,,,,,,,,
14,02:13.0,,,,,,,,,,
13,02:16.0,,,,,,,,,,
12,02:19.0,,,,,,,,,,
11,02:22.0,,,,,,,,,,
10,02:25.0,,,,,,,,,,
9,02:28.0,,,,,,,,,,
8,02:31.0,,,,,,,,,,
7,02:34.0,,,,,,,,,,
6,02:37.0,,,,,,,,,,
5,02:40.0,,,,,,,,,,
4,02:43.0,,,,,,,,,,
3,02:46.0,,,,,,,,,,
2,02:49.0,,,,,,,,,,
1,02:52.0,,,,,,,,,,
,,,,,,,,,,,
깊 22 50 쵠踏曇옘桿팀롸깃硫（50 쵠넥）50 쵠嵐曇 켕綾,,,,,,,,,,,
score,value,,,,,,,,,,
75,35.5,,,,,,,,,,
74,36,,,,,,,,,,
73,36.5,,,,,,,,,,
72,37,,,,,,,,,,
71,37.5,,,,,,,,,,
70,38,,,,,,,,,,
69,38.5,,,,,,,,,,
68,39,,,,,,,,,,
67,39.7,,,,,,,,,,
66,40.4,,,,,,,,,,
65,41.1,,,,,,,,,,
64,42.8,,,,,,,,,,
63,43.5,,,,,,,,,,
62,44.2,,,,,,,,,,
61,44.9,,,,,,,,,,
60,45.6,,,,,,,,,,
59,46.3,,,,,,,,,,
58,47,,,,,,,,,,
57,48,,,,,,,,,,
56,49,,,,,,,,,,
55,50,,,,,,,,,,
54,51,,,,,,,,,,
53,52,,,,,,,,,,
52,53,,,,,,,,,,
51,54,,,,,,,,,,
50,55,,,,,,,,,,
49,56,,,,,,,,,,
48,57,,,,,,,,,,
47,58,,,,,,,,,,
46,59,,,,,,,,,,
45,01:00.3,,,,,,,,,,
44,01:02.2,,,,,,,,,,
43,01:04.1,,,,,,,,,,
42,01:06.0,,,,,,,,,,
41,01:07.7,,,,,,,,,,
40,01:09.4,,,,,,,,,,
39,01:11.2,,,,,,,,,,
38,01:13.1,,,,,,,,,,
37,01:15.0,,,,,,,,,,
36,01:17.0,,,,,,,,,,
35,01:19.0,,,,,,,,,,
34,01:21.0,,,,,,,,,,
33,01:23.0,,,,,,,,,,
32,01:25.0,,,,,,,,,,
31,01:35.5,,,,,,,,,,
30,01:38.0,,,,,,,,,,
29,01:40.5,,,,,,,,,,
28,01:43.0,,,,,,,,,,
27,01:45.5,,,,,,,,,,
26,01:48.0,,,,,,,,,,
25,01:50.5,,,,,,,,,,
24,01:53.0,,,,,,,,,,
23,01:55.5,,,,,,,,,,
22,01:58.0,,,,,,,,,,
21,02:00.5,,,,,,,,,,
20,02:03.0,,,,,,,,,,
19,02:05.5,,,,,,,,,,
18,02:08.0,,,,,,,,,,
17,02:10.5,,,,,,,,,,
16,02:13.0,,,,,,,,,,
15,02:16.0,,,,,,,,,,
14,02:19.0,,,,,,,,,,
13,02:22.0,,,,,,,,,,
12,02:25.0,,,,,,,,,,
11,02:28.0,,,,,,,,,,
10,02:31.0,,,,,,,,,,
9,02:34.0,,,,,,,,,,
8,02:37.0,,,,,,,,,,
7,02:40.0,,,,,,,,,,
6,02:43.0,,,,,,,,,,
5,02:46.0,,,,,,,,,,
4,02:49.0,,,,,,,,,,
3,02:52.0,,,,,,,,,,
2,02:55.0,,,,,,,,,,
1,02:58.0,,,,,,,,,,
,,,,,,,,,,,
깊 22 50 쵠踏曇옘桿팀롸깃硫（50 쵠넥）50 쵠嵐曇 큽綾,,,,,,,,,,,
score,value,,,,,,,,,,
75,38.5,,,,,,,,,,
74,39,,,,,,,,,,
73,39.5,,,,,,,,,,
72,40,,,,,,,,,,
71,40.5,,,,,,,,,,
70,41,,,,,,,,,,
69,41.7,,,,,,,,,,
68,42.4,,,,,,,,,,
67,43.1,,,,,,,,,,
66,44.8,,,,,,,,,,
65,45.5,,,,,,,,,,
64,46.2,,,,,,,,,,
63,46.9,,,,,,,,,,
62,47.8,,,,,,,,,,
61,48.7,,,,,,,,,,
60,49.6,,,,,,,,,,
59,50.5,,,,,,,,,,
58,51.4,,,,,,,,,,
57,52.3,,,,,,,,,,
56,53.2,,,,,,,,,,
55,54.1,,,,,,,,,,
54,55,,,,,,,,,,
53,56,,,,,,,,,,
52,57,,,,,,,,,,
51,58,,,,,,,,,,
50,59,,,,,,,,,,
49,01:00.0,,,,,,,,,,
48,01:01.4,,,,,,,,,,
47,01:02.8,,,,,,,,,,
46,01:04.3,,,,,,,,,,
45,01:06.2,,,,,,,,,,
44,01:08.1,,,,,,,,,,
43,01:10.0,,,,,,,,,,
42,01:11.7,,,,,,,,,,
41,01:13.4,,,,,,,,,,
40,01:15.2,,,,,,,,,,
39,01:17.1,,,,,,,,,,
38,01:19.0,,,,,,,,,,
37,01:21.0,,,,,,,,,,
36,01:23.0,,,,,,,,,,
35,01:25.0,,,,,,,,,,
34,01:27.0,,,,,,,,,,
33,01:29.0,,,,,,,,,,
32,01:31.0,,,,,,,,,,
31,01:33.0,,,,,,,,,,
30,01:35.0,,,,,,,,,,
29,01:37.0,,,,,,,,,,
28,01:39.5,,,,,,,,,,
27,01:43.0,,,,,,,,,,
26,01:46.5,,,,,,,,,,
25,01:50.0,,,,,,,,,,
24,01:53.5,,,,,,,,,,
23,01:57.0,,,,,,,,,,
22,02:00.5,,,,,,,,,,
21,02:04.0,,,,,,,,,,
20,02:07.5,,,,,,,,,,
19,02:11.0,,,,,,,,,,
18,02:14.5,,,,,,,,,,
17,02:18.0,,,,,,,,,,
16,02:21.5,,,,,,,,,,
15,02:25.0,,,,,,,,,,
14,02:28.5,,,,,,,,,,
13,02:32.0,,,,,,,,,,
12,02:35.0,,,,,,,,,,
11,02:38.0,,,,,,,,,,
10,02:41.0,,,,,,,,,,
9,02:44.0,,,,,,,,,,
8,02:47.0,,,,,,,,,,
7,02:50.0,,,,,,,,,,
6,02:53.0,,,,,,,,,,
5,02:56.0,,,,,,,,,,
4,02:59.0,,,,,,,,,,
3,03:02.0,,,,,,,,,,
2,03:05.0,,,,,,,,,,
1,03:08.0,,,,,,,,,,
,,,,,,,,,,,
깊 22 50 쵠踏曇옘桿팀롸깃硫（50 쵠넥）50 쵠鵠曇 켕綾,,,,,,,,,,,
score,value,,,,,,,,,,
75,37,,,,,,,,,,
74,37.5,,,,,,,,,,
73,38,,,,,,,,,,
72,38.5,,,,,,,,,,
71,39,,,,,,,,,,
70,39.5,,,,,,,,,,
69,40,,,,,,,,,,
68,40.7,,,,,,,,,,
67,41.4,,,,,,,,,,
66,42.1,,,,,,,,,,
65,43.8,,,,,,,,,,
64,44.5,,,,,,,,,,
63,45.2,,,,,,,,,,
62,45.9,,,,,,,,,,
61,46.6,,,,,,,,,,
60,47.5,,,,,,,,,,
59,48.4,,,,,,,,,,
58,49.3,,,,,,,,,,
57,50.2,,,,,,,,,,
56,51.1,,,,,,,,,,
55,52,,,,,,,,,,
54,53,,,,,,,,,,
53,54,,,,,,,,,,
52,55,,,,,,,,,,
51,56,,,,,,,,,,
50,57,,,,,,,,,,
49,58,,,,,,,,,,
48,59,,,,,,,,,,
47,01:00.3,,,,,,,,,,
46,01:02.2,,,,,,,,,,
45,01:04.1,,,,,,,,,,
44,01:06.0,,,,,,,,,,
43,01:07.7,,,,,,,,,,
42,01:09.4,,,,,,,,,,
41,01:11.2,,,,,,,,,,
40,01:13.1,,,,,,,,,,
39,01:15.0,,,,,,,,,,
38,01:17.0,,,,,,,,,,
37,01:19.0,,,,,,,,,,
36,01:21.0,,,,,,,,,,
35,01:23.0,,,,,,,,,,
34,01:25.0,,,,,,,,,,
33,01:27.0,,,,,,,,,,
32,01:29.0,,,,,,,,,,
31,01:31.0,,,,,,,,,,
30,01:33.0,,,,,,,,,,
29,01:35.5,,,,,,,,,,
28,01:38.0,,,,,,,,,,
27,01:40.5,,,,,,,,,,
26,01:43.0,,,,,,,,,,
25,01:45.5,,,,,,,,,,
24,01:48.0,,,,,,,,,,
23,01:50.5,,,,,,,,,,
22,01:53.0,,,,,,,,,,
21,01:55.5,,,,,,,,,,
20,01:58.0,,,,,,,,,,
19,02:00.5,,,,,,,,,,
18,02:03.0,,,,,,,,,,
17,02:05.5,,,,,,,,,,
16,02:08.0,,,,,,,,,,
15,02:10.5,,,,,,,,,,
14,02:13.0,,,,,,,,,,
13,02:16.0,,,,,,,,,,
12,02:19.0,,,,,,,,,,
11,02:22.0,,,,,,,,,,
10,02:25.0,,,,,,,,,,
9,02:28.0,,,,,,,,,,
8,02:31.0,,,,,,,,,,
7,02:34.0,,,,,,,,,,
6,02:37.0,,,,,,,,,,
5,02:40.0,,,,,,,,,,
4,02:43.0,,,,,,,,,,
3,02:46.0,,,,,,,,,,
2,02:49.0,,,,,,,,,,
1,02:52.0,,,,,,,,,,
,,,,,,,,,,,
깊 22 50 쵠踏曇옘桿팀롸깃硫（50 쵠넥）50 쵠鵠曇 큽綾,,,,,,,,,,,
score,value,,,,,,,,,,
75,41,,,,,,,,,,
74,41.5,,,,,,,,,,
73,42,,,,,,,,,,
72,42.5,,,,,,,,,,
71,43,,,,,,,,,,
70,43.5,,,,,,,,,,
69,44,,,,,,,,,,
68,44.7,,,,,,,,,,
67,45.4,,,,,,,,,,
66,46.1,,,,,,,,,,
65,46.8,,,,,,,,,,
64,47.5,,,,,,,,,,
63,48.2,,,,,,,,,,
62,48.9,,,,,,,,,,
61,49.6,,,,,,,,,,
60,50.3,,,,,,,,,,
59,51,,,,,,,,,,
58,51.9,,,,,,,,,,
57,52.8,,,,,,,,,,
56,53.7,,,,,,,,,,
55,54.6,,,,,,,,,,
54,55.5,,,,,,,,,,
53,56.4,,,,,,,,,,
52,57.3,,,,,,,,,,
51,58.2,,,,,,,,,,
50,59.1,,,,,,,,,,
49,01:00.0,,,,,,,,,,
48,01:01.4,,,,,,,,,,
47,01:02.8,,,,,,,,,,
46,01:04.3,,,,,,,,,,
45,01:06.2,,,,,,,,,,
44,01:08.1,,,,,,,,,,
43,01:10.0,,,,,,,,,,
42,01:11.7,,,,,,,,,,
41,01:13.4,,,,,,,,,,
40,01:15.2,,,,,,,,,,
39,01:17.1,,,,,,,,,,
38,01:19.0,,,,,,,,,,
37,01:21.0,,,,,,,,,,
36,01:23.0,,,,,,,,,,
35,01:25.0,,,,,,,,,,
34,01:27.0,,,,,,,,,,
33,01:29.0,,,,,,,,,,
32,01:31.0,,,,,,,,,,
31,01:33.0,,,,,,,,,,
30,01:35.0,,,,,,,,,,
29,01:37.0,,,,,,,,,,
28,01:39.5,,,,,,,,,,
27,01:42.0,,,,,,,,,,
26,01:44.5,,,,,,,,,,
25,01:47.0,,,,,,,,,,
24,01:49.5,,,,,,,,,,
23,01:52.0,,,,,,,,,,
22,01:54.5,,,,,,,,,,
21,01:57.0,,,,,,,,,,
20,01:59.5,,,,,,,,,,
19,02:02.0,,,,,,,,,,
18,02:04.5,,,,,,,,,,
17,02:07.0,,,,,,,,,,
16,02:09.5,,,,,,,,,,
15,02:12.0,,,,,,,,,,
14,02:14.5,,,,,,,,,,
13,02:17.0,,,,,,,,,,
12,02:20.0,,,,,,,,,,
11,02:23.0,,,,,,,,,,
10,02:26.0,,,,,,,,,,
9,02:29.0,,,,,,,,,,
8,02:32.0,,,,,,,,,,
7,02:35.0,,,,,,,,,,
6,02:38.0,,,,,,,,,,
5,02:41.0,,,,,,,,,,
4,02:44.0,,,,,,,,,,
3,02:47.0,,,,,,,,,,
2,02:50.0,,,,,,,,,,
1,02:53.0,,,,,,,,,,
,,,,,,,,,,,
깊 22 50 쵠踏曇옘桿팀롸깃硫（50 쵠넥）50 쵠菱譚曇 켕綾,,,,,,,,,,,
score,value,,,,,,,,,,
75,27.5,,,,,,,,,,
74,28,,,,,,,,,,
73,28.5,,,,,,,,,,
72,29,,,,,,,,,,
71,29.5,,,,,,,,,,
70,30,,,,,,,,,,
69,30.7,,,,,,,,,,
68,31.4,,,,,,,,,,
67,32.1,,,,,,,,,,
66,32.8,,,,,,,,,,
65,33.5,,,,,,,,,,
64,34.2,,,,,,,,,,
63,34.9,,,,,,,,,,
62,35.8,,,,,,,,,,
61,36.7,,,,,,,,,,
60,37.6,,,,,,,,,,
59,38.5,,,,,,,,,,
58,39.4,,,,,,,,,,
57,40.3,,,,,,,,,,
56,41.2,,,,,,,,,,
55,42.1,,,,,,,,,,
54,43,,,,,,,,,,
53,44,,,,,,,,,,
52,45,,,,,,,,,,
51,46,,,,,,,,,,
50,47,,,,,,,,,,
49,48,,,,,,,,,,
48,49,,,,,,,,,,
47,50,,,,,,,,,,
46,51,,,,,,,,,,
45,52,,,,,,,,,,
44,53,,,,,,,,,,
43,54,,,,,,,,,,
42,55,,,,,,,,,,
41,56,,,,,,,,,,
40,57,,,,,,,,,,
39,58,,,,,,,,,,
38,59,,,,,,,,,,
37,01:00.4,,,,,,,,,,
36,01:02.2,,,,,,,,,,
35,01:04.1,,,,,,,,,,
34,01:06.0,,,,,,,,,,
33,01:08.0,,,,,,,,,,
32,01:10.0,,,,,,,,,,
31,01:12.0,,,,,,,,,,
30,01:14.0,,,,,,,,,,
29,01:16.0,,,,,,,,,,
28,01:18.0,,,,,,,,,,
27,01:20.0,,,,,,,,,,
26,01:22.0,,,,,,,,,,
25,01:24.0,,,,,,,,,,
24,01:26.5,,,,,,,,,,
23,01:29.0,,,,,,,,,,
22,01:31.5,,,,,,,,,,
21,01:34.0,,,,,,,,,,
20,01:36.5,,,,,,,,,,
19,01:39.0,,,,,,,,,,
18,01:41.5,,,,,,,,,,
17,01:44.0,,,,,,,,,,
16,01:46.5,,,,,,,,,,
15,01:49.0,,,,,,,,,,
14,01:51.5,,,,,,,,,,
13,01:54.0,,,,,,,,,,
12,01:56.5,,,,,,,,,,
11,01:59.0,,,,,,,,,,
10,02:01.5,,,,,,,,,,
9,02:04.0,,,,,,,,,,
8,02:07.0,,,,,,,,,,
7,02:10.0,,,,,,,,,,
6,02:13.0,,,,,,,,,,
5,02:16.0,,,,,,,,,,
4,02:19.0,,,,,,,,,,
3,02:22.0,,,,,,,,,,
2,02:25.0,,,,,,,,,,
1,02:28.0,,,,,,,,,,
,,,,,,,,,,,
깊 22 50 쵠踏曇옘桿팀롸깃硫（50 쵠넥）50 쵠菱譚曇 큽綾,,,,,,,,,,,
score,value,,,,,,,,,,
75,31.5,,,,,,,,,,
74,32,,,,,,,,,,
73,32.5,,,,,,,,,,
72,33,,,,,,,,,,
71,33.5,,,,,,,,,,
70,34,,,,,,,,,,
69,34.7,,,,,,,,,,
68,35.4,,,,,,,,,,
67,36.1,,,,,,,,,,
66,39.55,,,,,,,,,,
65,40.3,,,,,,,,,,
64,41.1,,,,,,,,,,
63,41.8,,,,,,,,,,
62,42.5,,,,,,,,,,
61,43.2,,,,,,,,,,
60,43.9,,,,,,,,,,
59,44.8,,,,,,,,,,
58,45.7,,,,,,,,,,
57,46.6,,,,,,,,,,
56,47.5,,,,,,,,,,
55,48.4,,,,,,,,,,
54,49.3,,,,,,,,,,
53,50.2,,,,,,,,,,
52,51.1,,,,,,,,,,
51,52,,,,,,,,,,
50,53,,,,,,,,,,
49,54,,,,,,,,,,
48,55,,,,,,,,,,
47,56,,,,,,,,,,
46,57,,,,,,,,,,
45,58,,,,,,,,,,
44,59,,,,,,,,,,
43,01:00.0,,,,,,,,,,
42,01:01.0,,,,,,,,,,
41,01:02.7,,,,,,,,,,
40,01:04.4,,,,,,,,,,
39,01:06.2,,,,,,,,,,
38,01:08.1,,,,,,,,,,
37,01:10.0,,,,,,,,,,
36,01:12.0,,,,,,,,,,
35,01:14.0,,,,,,,,,,
34,01:16.0,,,,,,,,,,
33,01:18.0,,,,,,,,,,
32,01:20.1,,,,,,,,,,
31,01:22.0,,,,,,,,,,
30,01:24.0,,,,,,,,,,
29,01:26.0,,,,,,,,,,
28,01:28.0,,,,,,,,,,
27,01:30.5,,,,,,,,,,
26,01:33.0,,,,,,,,,,
25,01:35.5,,,,,,,,,,
24,01:38.0,,,,,,,,,,
23,01:40.5,,,,,,,,,,
22,01:43.0,,,,,,,,,,
21,01:45.5,,,,,,,,,,
20,01:48.0,,,,,,,,,,
19,01:50.5,,,,,,,,,,
18,01:53.0,,,,,,,,,,
17,01:55.5,,,,,,,,,,
16,01:58.0,,,,,,,,,,
15,02:00.5,,,,,,,,,,
14,02:03.0,,,,,,,,,,
13,02:05.5,,,,,,,,,,
12,02:08.0,,,,,,,,,,
11,02:11.0,,,,,,,,,,
10,02:14.0,,,,,,,,,,
9,02:17.0,,,,,,,,,,
8,02:20.0,,,,,,,,,,
7,02:23.0,,,,,,,,,,
6,02:26.0,,,,,,,,,,
5,02:29.0,,,,,,,,,,
4,02:32.0,,,,,,,,,,
3,02:35.0,,,,,,,,,,
2,02:38.0,,,,,,,,,,
1,02:41.0,,,,,,,,,,
